,,Elbow angle (degrees),,,,Elbow angle (rad),,,,Elbow angular velocity (rad/s),,,,Elbow angular acceleration (rad/s^2),,,
,,,,,,,,,,,,,,,,,
MAX,,57,1.524,45.594,19.747,0.994837673636768,0.026598817800394,0.795765419154295,0.34465016739132,2.55097323471493,1.54566358556618,2.58029476614838,0.531976356007879,25.1327412287156,16.0849543863803,18.5982285092481,11.8123883774969
MIN,,20.339,-26.852,15.738,11.669,0.354982516563127,-0.468655810745517,0.274679917678868,0.203662470415218,-2.44625347959525,-1.65038334068585,-1.94988184032807,-0.68277280338019,-25.8867234655782,-22.8707945181338,-25.6353960532889,-8.29380460547788
,,,,,,,,,,,,,,,,,
frame,t (sec),R_Elbow_Ang,R_Shl_Flex_Ang,L_Elbow_Ang,L_Shl_Add_Ang,R_Elbow_Ang,R_Shl_Flex_Ang,L_Elbow_Ang,L_Shl_Flex_Ang,R_Elbow_Ang_Vel,R_Shl_Flex_Vel,L_Elbow_Ang_Vel,L_Shl_Flex_Vel,R_Elbow_Ang_Acc,R_Shl_Flex_Acc,L_Elbow_Ang_Acc,L_Shl_Flex_Acc
0,0,30.133,-11.008,23.473,13.153,0.525920063503451,-0.192125844059536,0.409681135320629,0.229563156514814,-2.24309715466311,-1.22103234469522,0.645073691537101,-0.477522083345646,-1.00530964914931,-1.00530964914731,2.01061929829702,0.502654824575055
1,0.008333333333333,31.204,-10.425,23.165,13.381,0.544612539792311,-0.181950574520409,0.404305521224486,0.233542507209361,-2.23471957425354,-1.21265476428566,0.62831853071796,-0.481710873550438,-1.75929188600895,-0.502654824574682,3.26725635973367,-1.21236354289067E-12
2,0.016666666666667,32.271,-9.846,22.865,13.611,0.56323520291109,-0.171845118151362,0.399069533468503,0.237556764488948,-2.2200588085368,-1.20846597408087,0.601091394386846,-0.481710873550428,-2.26194671058664,-1.00530964914886,2.76460153515898,-0.251327412285702
3,0.025,33.331,-9.269,22.578,13.841,0.58173569298223,-0.161774568367354,0.39406043851528,0.241571021768535,-2.20120925261524,-1.2000883936713,0.578053048260521,-0.479616478448047,-1.7592918860089,-1.50796447372277,2.51327412287168,-0.753982236862383
4,0.033333333333333,34.382,-8.696,22.302,14.07,0.60007910342069,-0.151773831753427,0.389243329779775,0.245567825755602,-2.1865484868985,-1.18752202305694,0.55710909723659,-0.473333293140861,-2.01061929829724,-1.00530964914902,1.75929188601055,-1.50796447372281
5,0.041666666666667,35.426,-8.129,22.036,14.296,0.618300340811511,-0.141877814894619,0.38460075396947,0.249512269865109,-2.16979332607936,-1.17914444264737,0.542448331519836,-0.460766922526504,-2.51327412287466,-1.25663706143592,1.00530964914766,-2.01061929829817
6,0.05,36.462,-7.566,21.777,14.516,0.636381951862172,-0.132051611205891,0.380080351206805,0.253351994219497,-2.1488493750554,-1.1686724671354,0.534070751110272,-0.444011761707353,-2.76460153515501,-0.502654824574469,-0.251327412286528,-2.26194671058435
7,0.058333333333333,37.488,-7.008,21.522,14.728,0.654289029987634,-0.122312673979763,0.37562976161422,0.257052092233725,-2.12581102892911,-1.16448367693062,0.536165146212659,-0.425162205785816,-3.26725635973446,-0.251327412287115,-1.25663706143584,-2.76460153515821
8,0.066666666666667,38.503,-6.452,21.266,14.931,0.672004121895377,-0.112608643338674,0.371161718729114,0.260595110615273,-2.09858389259799,-1.16238928182822,0.546637121724625,-0.402123859659498,-3.26725635973446,0.75398223686137,-1.00530964914851,-3.01592894744633
9,0.075,39.505,-5.897,21.005,15.123,0.68949232100036,-0.102922065990106,0.366606409381409,0.263946142779102,-2.07135675626687,-1.1686724671354,0.555014702134196,-0.376991118430778,-3.51858377202099,0.753982236862196,-2.01061929829702,-3.01592894744634
10,0.083333333333333,40.494,-5.339,20.74,15.303,0.706753627302584,-0.093183128763977,0.361981286863624,0.267087735432692,-2.04203522483336,-1.17495565244259,0.571769862953338,-0.351858377202059,-3.76991118430635,1.00530964914787,-1.75929188601038,-3.01592894744719
11,0.091666666666667,41.469,-4.778,20.467,15.471,0.723770587509528,-0.083391831660289,0.357216538005679,0.270019888576043,-2.01061929829747,-1.18333323285215,0.586430628670091,-0.326725635973332,-4.52389342117147,0.251327412287754,-1.75929188601141,-3.01592894744547
12,0.1,42.429,-4.213,20.187,15.627,0.740525748328674,-0.073530721386521,0.352329616100095,0.272742602209154,-1.97292018645438,-1.18542762795455,0.601091394386852,-0.30159289474462,-5.52920307031801,-0.753982236861584,-1.00530964914771,-3.26725635973366
13,0.108333333333333,43.371,-3.647,19.9,15.771,0.756966749882461,-0.063652157820233,0.347320521146872,0.275255876332026,-1.92684349420173,-1.17914444264737,0.609468974796417,-0.274365758413506,-6.03185789488787,-1.50796447372317,0.251327412286528,-3.26725635973286
14,0.116666666666667,44.291,-3.084,19.609,15.902,0.773023779000808,-0.053825954131505,0.342241613023568,0.277542257652138,-1.87657801174433,-1.16657807203301,0.607374579694029,-0.247138622082399,-6.78584013175705,-3.01592894744623,1.50796447372317,-3.26725635973366
15,0.125,45.187,-2.527,19.319,16.02,0.788661929098678,-0.044104470197897,0.337180158192784,0.279601746169492,-1.82002934397969,-1.14144533080429,0.594808209079669,-0.219911485751285,-7.53982236861504,-3.76991118430768,3.01592894744713,-3.26725635973366
16,0.133333333333333,46.056,-1.982,19.035,16.125,0.803828840298508,-0.034592425774528,0.332223423117121,0.281434341884086,-1.75719749090789,-1.11002940426839,0.569675467850943,-0.192684349420171,-9.047786842339,-4.52389342116939,3.76991118430672,-3.51858377201939
17,0.141666666666667,46.895,-1.452,18.763,16.217,0.818472152722741,-0.025342180738958,0.327476127551696,0.28304004479592,-1.68179926722174,-1.07233029242532,0.538259541315054,-0.163362817986676,-10.3044239037732,-6.28318530717957,4.02123859659485,-2.51327412287328
18,0.15,47.698,-0.94,18.506,16.295,0.832487146616255,-0.016406094968747,0.322990631374071,0.284401401612476,-1.59592906802363,-1.01997041486549,0.504749219676763,-0.142418866962732,-10.5557513160662,-7.53982236861546,5.02654824574416,-1.7592918860097
19,0.158333333333333,48.46,-0.453,18.265,16.363,0.845786555516452,-0.007906341511534,0.318784387876764,0.285588225503832,-1.50796447372307,-0.957138561793691,0.462861317628895,-0.127758101245985,-11.8123883774924,-10.8070787283489,5.52920307031801,-0.502654824573856
20,0.166666666666667,49.18,0.004,18.044,16.424,0.858352926130811,6.98131700797732E-05,0.314927210229857,0.286652876347549,-1.40952790391064,-0.867079572390783,0.416784625376245,-0.123569311041203,-11.3097335529242,-13.0690254389336,6.2831853071792,0.502654824573856
21,0.175,49.853,0.418,17.845,16.483,0.870098991996733,0.007295476273336,0.311454005018388,0.287682620606225,-1.31528012430294,-0.758171027066337,0.364424747816419,-0.127758101245985,-10.8070787283516,-15.5822995618056,6.53451271946744,1.25663706143579
22,0.183333333333333,50.481,0.78,17.671,16.544,0.881059659699258,0.013613568165556,0.308417132119918,0.288747271449942,-1.22522113490001,-0.628318530717957,0.30997047515419,-0.13823007675795,-10.0530964914878,-18.0955736846769,6.78584013175451,1.75929188601054
23,0.191666666666667,51.066,1.08,17.523,16.61,0.891269835823424,0.018849555921539,0.305834044826966,0.289899188756258,-1.14144533080427,-0.477522083345649,0.253421807389569,-0.152890842474704,-9.29911425462233,-19.6035381584003,6.78584013175225,2.26194671058435
24,0.2,51.611,1.308,17.402,16.683,0.900781880246793,0.022828906616086,0.303722196432053,0.291173279110214,-1.06395271201575,-0.314159265358979,0.196873139624967,-0.171740398396241,-9.29911425462553,-21.1115026321234,7.28849495632851,2.01061929829783
25,0.208333333333333,52.119,1.458,17.308,16.765,0.909648152846925,0.025446900494077,0.302081586935179,0.292604449096849,-0.986460093227209,-0.138230076757951,0.136135681655563,-0.188495559215389,-8.29380460548102,-21.3628300444106,7.79114978090396,2.76460153515821
26,0.216666666666667,52.59,1.524,17.243,16.855,0.917868653623818,0.026598817800394,0.300947122921382,0.294175245423644,-0.9173450548482,0.039793506945471,0.071209433481363,-0.211533905341708,-7.53982236861184,-22.3681396935594,7.03716754404038,2.01061929829862
27,0.225,53.028,1.505,17.209,16.956,0.925513195747553,0.026267205242515,0.300353710975704,0.295938027968158,-0.854513201776435,0.226194671058465,0.01256637061436,-0.228289066160863,-6.2831853071808,-22.6194671058464,7.28849495632851,1.50796447372237
28,0.233333333333333,53.436,1.397,17.203,17.065,0.93263413909569,0.024382249650361,0.300248991220584,0.297840436852832,-0.802153324216595,0.414690230273852,-0.048171087355045,-0.240855436775216,-5.27787565803308,-22.8707945181338,6.53451271946653,7.99360577730113E-13
29,0.241666666666667,53.819,1.199,17.226,17.18,0.939318750130828,0.020926497731412,0.300650416948543,0.299847565492626,-0.758171027066319,0.605280184591634,-0.102625360017266,-0.240855436775223,-4.77522083345233,-22.8707945181334,6.53451271946726,-0.753982236862876
30,0.25,54.181,0.91,17.275,17.295,0.945636842023048,0.015882496193148,0.30150562828202,0.301854694132419,-0.718377520120883,0.795870138909412,-0.157079632679493,-0.234572251468032,-5.02654824574438,-22.1168122812728,6.78584013175398,-1.50796447372218
31,0.258333333333333,54.524,0.53,17.35,17.407,0.951623321357388,0.00925024503557,0.302814625221016,0.303809462894653,-0.676489618073013,0.980176907920019,-0.213628300444109,-0.22200588085368,-5.78053048260829,-20.3575203952611,7.03716754403941,-2.0106192982972
32,0.266666666666667,54.847,0.062,17.452,17.513,0.95726073484133,0.001082104136236,0.30459486105805,0.305659511901767,-0.628318530717944,1.14982291121386,-0.272271363311104,-0.205250720034537,-8.29380460547411,-17.3415914478166,7.0371675440422,-3.2672563597343
33,0.275,55.147,-0.487,17.582,17.611,0.962496722597313,-0.008499753457212,0.306863789085643,0.307369934568721,-0.559203492338993,1.294336173279,-0.330914426178123,-0.178023583703418,-10.5557513160634,-13.3203528512197,6.28318530717974,-4.02123859659419
34,0.283333333333333,55.414,-1.105,17.74,17.696,0.967156751700138,-0.019285888234537,0.309621409303794,0.308853464432917,-0.471238898038465,1.40533911370583,-0.383274303737954,-0.144513262065133,-13.3203528512208,-9.550441666914,5.52920307031911,-4.77522083345672
35,0.291666666666667,55.639,-1.776,17.923,17.765,0.971083742517125,-0.030997047515419,0.312815361834944,0.310057741616793,-0.360235957611624,1.48492612759678,-0.429350995990613,-0.10471975511966,-16.3362817986678,-5.52920307031707,4.02123859659371,-5.02654824574424
36,0.3,55.811,-2.485,18.128,17.815,0.974085708830555,-0.043371431912059,0.316393286801532,0.31093040624279,-0.22410027595606,1.53100281984942,-0.462861317628894,-0.062831853071792,-18.5982285092493,-1.75929188601132,2.51327412287205,-4.52389342116865
37,0.308333333333333,55.918,-3.216,18.349,17.845,0.975953211130189,-0.056129788744138,0.320250464448439,0.311454005018388,-0.069115038378982,1.54566358556618,-0.483805268652828,-0.02513274122872,-20.3575203952616,0.502654824575297,1.25663706143545,-3.76991118430834
38,0.316666666666667,55.951,-3.954,18.58,17.857,0.976529169783347,-0.069010318623856,0.324282175020546,0.311663444528627,0.100530964914864,1.54147479536139,-0.49427724416479,0.006283185307183,-21.6141574567007,3.51858377201975,-0.251327412286134,-3.5185837720202
39,0.325,55.903,-4.69,18.816,17.854,0.97569141174239,-0.081855941918534,0.328401152055253,0.311611084651068,0.280648943720704,1.51215326392789,-0.492182849062405,0.035604716740685,-22.8707945181314,5.52920307031923,-0.753982236861573,-2.010619298297
40,0.333333333333333,55.769,-5.412,19.051,17.837,0.973352670544717,-0.094457219117933,0.33250267579744,0.311314378678228,0.471238898038465,1.46607657167523,-0.485899663755226,0.052359877559827,-22.8707945181336,7.53982236861405,-0.25132741228774,-0.502654824574697
41,0.341666666666667,55.544,-6.112,19.283,17.812,0.96942567972773,-0.106674523881893,0.336551839662067,0.31087804636523,0.661828852356246,1.40324471860345,-0.483805268652828,0.056548667764616,-23.373449342709,8.04247719319121,1.00530964914812,1.00530964914856
42,0.35,55.228,-6.782,19.514,17.785,0.963910439291428,-0.118368229870255,0.340583550234173,0.310406807467192,0.85660759687882,1.33622407532685,-0.492182849062395,0.048171087355044,-22.8707945181323,8.54513201776309,1.75929188601169,2.26194671058511
43,0.358333333333333,54.819,-7.42,19.749,17.762,0.956772042650771,-0.129503430497979,0.34468507397636,0.310005381739233,1.04719755119659,1.26501464184549,-0.50684361477916,0.029321531433502,-22.1168122812728,8.0424771931907,3.76991118430632,3.01592894744476
44,0.366666666666667,54.319,-8.024,19.991,17.748,0.9480453963908,-0.140045219180025,0.348908770766186,0.309761035643954,1.2315043202072,1.19799399856891,-0.538259541315045,0.004188790204795,-21.1115026321242,7.03716754404113,4.52389342117027,2.51327412287406
45,0.375,53.731,-8.596,20.248,17.746,0.937782860389073,-0.150028502501433,0.353394266943812,0.309726129058914,1.40743350880823,1.1393509357019,-0.575958653158131,-0.016755160819155,-19.3522107461102,7.03716754404028,5.780530482605,2.51327412287009
46,0.383333333333333,53.059,-9.14,20.523,17.754,0.926054247815671,-0.159523093632282,0.358193922386796,0.309865755399073,1.56870193169248,1.08070787283489,-0.624129740513173,-0.037699111843073,-18.0955736846832,6.03185789489351,6.2831853071787,1.00530964914928
47,0.391666666666667,52.31,-9.656,20.821,17.772,0.912981731718234,-0.168528992572572,0.363395003557739,0.310179914664432,1.71949837906484,1.03044239037745,-0.676489618072995,-0.04607669225265,-15.3309721495148,6.28318530717879,7.53982236861638,3.74700270810989E-14
48,0.4,51.489,-10.148,21.144,17.794,0.89865257855936,-0.177116012492385,0.369032417041681,0.310563887099871,1.8472564803108,0.978082512817624,-0.739321471144799,-0.04607669225265,-13.3203528512197,6.78584013175463,7.79114978090336,-1.50796447372241
49,0.408333333333333,50.607,-10.615,21.497,17.816,0.88325877455677,-0.185266700099198,0.375193429301221,0.31094785953531,1.95825942073763,0.921533845053002,-0.804247719318993,-0.033510321638297,-11.5610609652122,7.03716754404004,8.5451320177634,-3.51858377202176
50,0.416666666666667,49.672,-11.055,21.881,17.832,0.866939946050623,-0.192946148807973,0.381895493628879,0.311227112215629,2.05460159544773,0.862890782186002,-0.875457152800355,-0.004188790204782,-11.0584061406344,7.03716754404188,8.0424771931898,-4.27256600888218
51,0.425,48.691,-11.467,22.299,17.834,0.849818266088559,-0.20013690532619,0.389190969902215,0.311262018800669,2.14675497995302,0.804247719318986,-0.942477796076936,0.031415926535903,-10.304423903775,7.28849495632826,7.79114978090391,-5.27787565802911
52,0.433333333333333,47.666,-11.851,22.749,17.819,0.831928641255617,-0.206838969653848,0.39704495153619,0.311000219412869,2.23262517915114,0.743510261349584,-1.00740404425114,0.075398223686145,-9.55044166691188,7.79114978090296,6.78584013175145,-5.78053048260688
53,0.441666666666667,46.6,-12.206,23.23,17.783,0.813323431429358,-0.213034888498428,0.405439985238283,0.310371900882152,2.31221219304208,0.678584013175393,-1.06395271201573,0.123569311041202,-9.29911425463056,7.53982236861489,6.78584013175711,-5.78053048260544
54,0.45,45.496,-12.53,23.738,17.724,0.79405499648734,-0.218689755274889,0.414306257838414,0.309342156623475,2.38970481183066,0.615752160103602,-1.12050137978037,0.171740398396248,-7.79114978089807,6.78584013175475,5.78053048260206,-5.78053048260361
55,0.458333333333333,44.355,-12.824,24.273,17.642,0.774140789722085,-0.223821023275753,0.423643769336584,0.30791098663684,2.45463106000481,0.559203492338979,-1.16867246713539,0.219911485751278,-6.7858401317542,5.7805304826041,5.52920307032053,-5.78053048260712
56,0.466666666666667,43.183,-13.091,24.831,17.537,0.753685530888711,-0.228481052378578,0.433382706562712,0.306078390922246,2.51117972776943,0.511032404983945,-1.21474915938806,0.268082573106337,-3.7699111843071,4.52389342117031,5.52920307031625,-5.27787565802888
57,0.475,41.984,-13.335,25.411,17.409,0.732759033157299,-0.232739655753444,0.443505616224279,0.303844369479693,2.54259565430532,0.473333293140859,-1.2608258516407,0.312064870256578,-1.00530964915293,3.76991118430714,4.77522083345785,-4.52389342117055
58,0.483333333333333,40.77,-13.561,26.013,17.26,0.711570736038088,-0.236684099862951,0.454012498321285,0.301243828894221,2.55097323471493,0.441917366604966,-1.30061935858618,0.349763982099666,2.26194671058878,2.51327412287243,5.02654824574151,-3.51858377202071
59,0.491666666666667,39.552,-13.772,26.634,17.093,0.690312625748797,-0.240366744584659,0.46485099297617,0.298329129043391,2.53212367879336,0.420973415581029,-1.34250726063403,0.379085513533172,6.03185789488743,1.2566370614351,4.52389342117298,-2.76460153515931
60,0.5,38.343,-13.973,27.275,16.912,0.669211595092186,-0.243874856381168,0.476038553481453,0.295170083097281,2.48185819633596,0.41050144006907,-1.38020637247713,0.402123859659499,8.79645943005959,0.251327412288381,3.51858377201557,-1.50796447372171
61,0.508333333333333,37.158,-14.169,27.934,16.72,0.648529443456053,-0.247295701715077,0.487540273252096,0.291819050933452,2.40855436775213,0.408407044966667,-1.4095279039106,0.414690230273847,11.3097335529154,-1.50796447372421,3.01592894745177,-0.753982236861843
62,0.516666666666667,36.008,-14.364,28.607,16.522,0.628458157058118,-0.250699093756465,0.499286339118018,0.288363299014503,2.31430658814451,0.420973415581036,-1.43466064513936,0.420973415581029,13.0690254389379,-2.51327412287169,3.26725635972968,0.753982236861186
63,0.525,34.903,-14.565,29.292,16.321,0.609172268823581,-0.254207205552974,0.511241844494179,0.284855187217995,2.20539804282002,0.441917366604966,-1.46188778147044,0.414690230273852,14.3256625003658,-3.51858377202022,4.02123859659728,2.01061929829704
64,0.533333333333333,33.85,-14.776,29.99,16.123,0.590793951800081,-0.257889850274682,0.523424242673099,0.281399435299046,2.08601752198364,0.471238898038468,-1.49539810310875,0.39793506945471,15.0796447372349,-4.27256600888219,4.02123859659164,2.76460153515962
65,0.541666666666667,32.854,-15.001,30.704,15.933,0.573410472450217,-0.261816841091669,0.535885893532339,0.278083309720256,1.96035381584002,0.506843614779153,-1.52890842474702,0.37489672332838,15.5822995618031,-4.77522083345601,4.52389342117271,3.76991118430769
66,0.55,31.918,-15.243,31.434,15.754,0.55707419065155,-0.266040537881496,0.548626797071898,0.274959170359187,1.83050131949166,0.54663712172462,-1.56660753659012,0.343480796792483,15.833626974093,-5.52920307031966,3.76991118430596,4.2725660088814
67,0.558333333333333,31.044,-15.504,32.182,15.59,0.54182001298912,-0.270595847229201,0.561681859876815,0.272096830385916,1.69855442804088,0.592713813977283,-1.59802346312601,0.307876080051804,15.0796447372302,-5.52920307031645,3.26725635973447,4.27256600888301
68,0.566666666666667,30.233,-15.787,32.945,15.443,0.527665392755446,-0.275535129012345,0.574998722069532,0.269531196385484,1.5728907218973,0.63879050622992,-1.62525059945713,0.272271363311113,14.576989912661,-5.27787565803044,2.26194671058255,4.52389342116911
69,0.575,29.482,-16.092,33.721,15.313,0.514557970072968,-0.280858383230927,0.588542477065008,0.267262268357892,1.45141580595846,0.682772803380174,-1.64410015537865,0.234572251468037,13.8230076757894,-4.77522083345869,2.01061929829964,4.02123859659444
70,0.583333333333333,28.789,-16.418,34.506,15.201,0.502462838356648,-0.286548156592429,0.602243311693163,0.265307499595658,1.33622407532688,0.722566310325663,-1.66085531619781,0.20106192982975,13.320352851222,-3.76991118430674,1.50796447372237,4.52389342116953
71,0.591666666666667,28.151,-16.763,35.299,15.105,0.491327637728924,-0.292569542511809,0.616083772661478,0.263631983513743,1.22522113490003,0.753982236861553,-1.67342168681216,0.16336281798667,12.8176980266482,-4.2725660088814,1.00530964915091,4.02123859659487
72,0.6,27.566,-17.123,36.098,15.027,0.481117461604757,-0.298852727818989,0.630028953384913,0.262270626697188,1.11840698467796,0.789586953602231,-1.68179926722175,0.12985249634838,13.0690254389331,-4.02123859659437,-0.502654824580546,4.27256600888315
73,0.608333333333333,27.032,-17.5,36.901,14.965,0.471797403399107,-0.305432619099008,0.644043947278428,0.261188522560951,1.00949843935352,0.823097275240517,-1.67761047701692,0.094247779607687,13.069025438933,-4.27256600888425,-1.50796447371806,3.51858377201922
74,0.616666666666667,26.55,-17.893,37.702,14.92,0.463384916404494,-0.312291763059345,0.658024034586902,0.260403124397554,0.900589894029075,0.85870199198122,-1.6650441064026,0.064926248174193,13.0690254389331,-4.52389342116874,-3.01592894744637,4.02123859659567
75,0.625,26.12,-18.303,38.497,14.889,0.455880000620919,-0.319447612992522,0.671899402140257,0.259862072329436,0.791681348704632,0.896401103824292,-1.63991136517388,0.031415926535896,12.8176980266469,-3.76991118430525,-3.51858377202359,3.76991118430754
76,0.633333333333333,25.742,-18.731,39.28,14.874,0.44928265604838,-0.326917622191058,0.685565330183373,0.259600272941637,0.684867198482575,0.927817030360169,-1.61058983374035,0,11.8123883774984,-2.51327412287395,-5.5292030703138,3.26725635973364
77,0.641666666666667,25.415,-19.174,40.049,14.874,0.443575429394359,-0.334649430777393,0.698986912131209,0.259600272941637,0.586430628670087,0.948760981384119,-1.56451314148773,-0.027227136331114,9.80176907919786,-1.50796447372319,-6.7858401317587,3.01592894744556
78,0.65,25.135,-19.627,40.796,14.887,0.438688507488775,-0.342555772288927,0.712024521643607,0.259827165744396,0.504749219676772,0.961327351998479,-1.50796447372308,-0.052359877559827,8.5451320177668,0.25132741228573,-9.29911425462079,2.01061929829784
79,0.658333333333333,24.894,-20.086,41.516,14.912,0.434482263991468,-0.350566833555581,0.724590892257966,0.260263498057394,0.433539786195382,0.959232956896098,-1.43047185493457,-0.069115038378975,7.03716754403943,1.25663706143976,-11.812388377501,1.25663706143652
80,0.666666666666667,24.687,-20.544,42.199,14.945,0.43086943243984,-0.358560441529715,0.736511491049087,0.260839456710553,0.374896723328387,0.9487609813841,-1.33203528512206,-0.079587013890946,6.28318530718015,2.0106192982939,-13.8230076757936,-0.251327412287998
81,0.675,24.508,-20.997,42.835,14.983,0.42774529307877,-0.366466783041249,0.747611785091771,0.26150268182631,0.322536845768552,0.932005820564984,-1.21684355449045,-0.077492618788546,5.52920307031885,3.01592894744876,-16.0849543863795,-2.26194671058437
82,0.683333333333333,24.354,-21.442,43.416,15.02,0.425057486030699,-0.374233498212624,0.757752148045858,0.262148453649548,0.276460153515895,0.906873079336244,-1.08280226793729,-0.05864306286701,4.27256600888061,3.76991118430595,-17.5929188601019,-3.51858377202101
83,0.691666666666667,24.222,-21.875,43.933,15.048,0.422753651418067,-0.381790773873759,0.766775500278669,0.262637145840107,0.240855436775223,0.875457152800362,-0.936194610769773,-0.029321531433502,3.76991118430948,5.02654824574552,-17.8442462723961,-4.77522083345605
84,0.7,24.107,-22.293,44.38,15.062,0.420746522778273,-0.389086250147096,0.774577122035084,0.262881491935386,0.209439510239311,0.833569250752482,-0.787492558499806,0.010471975511965,3.26725635973171,6.78584013175088,-17.5929188600972,-5.52920307031799
85,0.708333333333333,24.007,-22.691,44.756,15.057,0.419001193526279,-0.396032660570033,0.781139560022582,0.262794225472786,0.182212373908213,0.777020582987891,-0.640884901332328,0.056548667764616,2.01061929829784,8.79645943005413,-17.3415914478153,-6.53451271946657
86,0.716666666666667,23.92,-23.062,45.062,15.03,0.417482757077044,-0.402507832094932,0.786480267533685,0.262322986574748,0.165457213089065,0.703716754404107,-0.496371639267201,0.111002940426837,0.753982236861989,10.0530964914868,-17.5929188601051,-7.03716754404203
87,0.725,23.841,-23.398,45.299,14.977,0.416103946967968,-0.408372138381633,0.790616697860911,0.261397962071191,0.159174027781882,0.619940950308384,-0.349763982099659,0.169646003293854,-1.25663706143638,10.8070787283488,-17.3415914478141,-6.78584013175274
88,0.733333333333333,23.765,-23.694,45.466,14.896,0.414777496736452,-0.413538312967536,0.793531397711742,0.259984245377075,0.169646003293851,0.529881960905478,-0.205250720034542,0.226194671058459,-2.26194671058461,11.5610609652098,-17.0902640355299,-7.0371675440423
89,0.741666666666667,23.684,-23.947,45.564,14.788,0.413363780042337,-0.417953995975082,0.795241820378696,0.258099289784921,0.18849555921539,0.433539786195395,-0.062831853071792,0.284837733925479,-3.01592894744476,11.3097335529234,-17.3415914478169,-6.03185789489191
90,0.75,23.594,-24.154,45.594,14.652,0.411792983715542,-0.42156682752671,0.795765419154295,0.255725642002209,0.213628300444096,0.3392920065877,0.081681408993349,0.335103216382912,-3.51858377202142,11.561060965212,-18.3469010969643,-5.02654824574359
91,0.758333333333333,23.492,-24.316,45.555,14.492,0.410012747878508,-0.424394260914941,0.795084740746017,0.252933115199018,0.242949831877608,0.242949831877601,0.23457225146805,0.376991118430775,-4.02123859659601,11.5610609652086,-18.34690109696,-3.76991118430769
92,0.766666666666667,23.376,-24.432,45.443,14.312,0.407988165946195,-0.426418842847255,0.793129971983783,0.249791522545428,0.276460153515908,0.146607657167528,0.387463093942718,0.408407044966672,-4.02123859659407,11.0584061406369,-18.3469010969679,-2.51327412287169
93,0.775,23.244,-24.502,45.258,14.117,0.405684331333562,-0.427640573323651,0.789901112867594,0.246388130504039,0.309970475154192,0.054454272662221,0.54035393641745,0.429350995990603,-3.51858377202101,11.3097335529234,-19.1008833338274,-0.251327412288135
94,0.783333333333333,23.096,-24.528,45,13.912,0.40310124404061,-0.428094358929169,0.785398163397448,0.242810205537451,0.3392920065877,-0.039793506945474,0.699527964199345,0.431445391093004,-2.26194671058379,11.3097335529216,-20.8601752198318,0.502654824576143
95,0.791666666666667,22.934,-24.509,44.666,13.706,0.40027381065238,-0.42776274637129,0.779568763695787,0.239214827278343,0.358141562509232,-0.134041286553154,0.873362757697942,0.427256600888203,-0.502654824575223,10.8070787283504,-22.619467105848,1.50796447372167
96,0.8,22.763,-24.445,44.249,13.502,0.397289297631469,-0.426645735650014,0.772290740714971,0.235654355604274,0.362330352714025,-0.224100275956075,1.06185831691334,0.414690230273856,1.50796447372238,10.5557513160622,-24.881413816432,2.76460153515943
97,0.808333333333333,22.59,-24.338,43.742,13.304,0.394269878025519,-0.42477823335038,0.76344192140736,0.232198603685326,0.349763982099672,-0.312064870256593,1.26920343205028,0.391651884147527,3.01592894744795,10.5557513160614,-25.1327412287202,3.01592894744556
98,0.816666666666667,22.423,-24.189,43.136,13.117,0.391355178174688,-0.422177692764908,0.752865226140274,0.228934837984096,0.32463124087094,-0.400029464557105,1.47864294228961,0.366519142918814,5.02654824574385,9.80176907919868,-25.6353960532889,3.26725635973423
99,0.825,22.268,-23.998,42.43,12.942,0.388649917834097,-0.418844113893599,0.740543201621194,0.225880511793106,0.282743338823074,-0.481710873550427,1.69227124273368,0.339292006587696,7.03716754403988,9.55044166691357,-24.1274315795716,3.76991118430775
100,0.833333333333333,22.133,-23.768,41.622,12.78,0.386293723343905,-0.414829856614012,0.72644094126508,0.223053078404875,0.224100275956075,-0.561297887441374,1.89333317256345,0.307876080051798,8.79645943005174,9.55044166691453,-22.3681396935604,3.51858377202022
101,0.841666666666667,22.026,-23.5,40.718,12.633,0.384426221044271,-0.410152374218667,0.710663164827051,0.220487444404444,0.150796447372311,-0.640884901332328,2.07973433667645,0.278554548618296,9.29911425462639,10.5557513160606,-19.1008833338274,2.26194671058437
102,0.85,21.954,-23.194,39.725,12.5,0.383169583982835,-0.404811666707565,0.693332045354747,0.218166156499291,0.073303828583758,-0.728849495632833,2.23890836445835,0.25970499269676,8.79645943005094,11.8123883774968,-16.3362817986622,2.26194671058555
103,0.858333333333333,21.919,-22.846,38.656,12.376,0.382558718744637,-0.398737920910624,0.674674475650928,0.216001948226818,0,-0.827286065445306,2.37504404611386,0.240855436775213,6.78584013175381,13.5716802635089,-12.315043202074,1.25663706143505
104,0.866666666666667,21.919,-22.451,37.522,12.261,0.382558718744637,-0.391843870365247,0.654882441933312,0.213994819587025,-0.056548667764616,-0.940383400974548,2.47766940613115,0.230383461263255,5.02654824574259,14.5769899126555,-8.04247719319132,1.00530964914932
105,0.875,21.946,-22.002,36.339,12.151,0.383029957642676,-0.384007342023792,0.634235196882219,0.212074957409831,-0.09843656981247,-1.06185831691334,2.54469004940774,0.222005880853677,4.77522083345824,15.0796447372307,-4.27256600887649,1.75929188601044
106,0.883333333333333,21.993,-21.495,35.124,12.045,0.383850262391113,-0.375158522716181,0.613029446470488,0.210224908402717,-0.138230076757956,-1.18752202305693,2.58029476614838,0.207345115136923,5.5292030703166,14.0743350880842,1.00530964914195,2.01061929829668
107,0.891666666666667,22.059,-20.928,33.892,11.946,0.385002179697429,-0.365262505857373,0.591526990085918,0.208497032443243,-0.184306769010594,-1.30480814879097,2.57191718573886,0.190589954317784,7.03716754404362,12.8176980266458,4.52389342117037,3.51858377202141
108,0.9,22.147,-20.305,32.664,11.855,0.386538069439184,-0.354389104617449,0.570094346871428,0.206908782823928,-0.242949831877624,-1.41162229901302,2.53421807389578,0.161268422884273,9.80176907919786,10.3044239037749,9.29911425462556,4.27256600888141
109,0.908333333333333,22.263,-19.631,31.454,11.778,0.388562651371498,-0.342625585459007,0.548975862922296,0.205564879299892,-0.32463124087094,-1.49749249821114,2.45672545510723,0.125663706143594,12.3150432020721,7.79114978089991,12.0637157897892,5.27787565803165
110,0.916666666666667,22.418,-18.916,30.281,11.718,0.391267911712089,-0.330146481307247,0.528503150796403,0.204517681748696,-0.427256600888206,-1.56241874638531,2.35619449019232,0.081681408993331,15.0796447372315,6.03185789489594,15.0796447372278,7.28849495632753
111,0.925,22.622,-18.17,29.156,11.679,0.394828383386157,-0.31712632508737,0.508868196711467,0.203837003340418,-0.552920307031803,-1.61268422884277,2.23053078404876,0.020943951023934,16.3362817986676,3.26725635973207,16.8389366232407,7.79114978090282
112,0.933333333333333,22.886,-17.4,28.091,11.669,0.399436052611422,-0.303687289847013,0.490280440177727,0.203662470415218,-0.689055988687366,-1.63991136517387,2.09020631218842,-0.043982297150256,17.090264035528,1.25663706143664,18.0955736846773,9.29911425462599
113,0.941666666666667,23.215,-16.617,27.093,11.69,0.405178185850484,-0.290021361803898,0.472862054242824,0.204028989558137,-0.831474855650099,-1.65038334068585,1.93940986481611,-0.121474915938806,16.5876092109526,-1.00530964915113,18.095573684681,9.5504416669126
114,0.95,23.612,-15.829,26.167,11.748,0.412107142980901,-0.276268167298182,0.456700305369356,0.205041280524294,-0.969704932408037,-1.64200576027625,1.78861341744377,-0.201061929829744,16.0849543863824,-3.26725635973142,18.5982285092481,9.55044166691352
115,0.958333333333333,24.075,-15.045,25.313,11.844,0.420188017417635,-0.262584785962547,0.441795193557325,0.206716796606208,-1.10374621896123,-1.61477862394516,1.6336281798667,-0.28064894372069,16.8389366232407,-5.0265482457434,18.346901096963,9.55044166691332
116,0.966666666666667,24.602,-14.274,24.533,11.978,0.429385902575645,-0.249128297429671,0.428181625391769,0.209055537803881,-1.24407069082156,-1.5728907218973,1.48073733739201,-0.360235957611634,16.3362817986668,-6.28318530717964,18.3469010969663,8.54513201776361
117,0.975,25.196,-13.523,23.826,12.15,0.439753158332491,-0.236020874747193,0.415842147580169,0.212057504117311,-1.38020637247712,-1.52053084433747,1.32784649491729,-0.431445391092998,15.8336269740905,-7.53982236861821,17.5929188601046,7.53982236861549
118,0.983333333333333,25.855,-12.797,23.192,12.356,0.451254878103134,-0.223349784377714,0.404776760122525,0.215652882376419,-1.51215326392787,-1.45769899126565,1.18123883774975,-0.494277244164793,15.3309721495197,-7.53982236861267,16.8389366232394,6.53451271946648
119,0.991666666666667,26.577,-12.101,22.628,12.592,0.463856155302533,-0.211202292783834,0.394933103141277,0.219771859411126,-1.63991136517387,-1.39486713819387,1.04091436588942,-0.548731516827014,14.0743350880833,-7.79114978090242,15.8336269740922,5.52920307031884
120,1,27.36,-11.435,22.131,12.854,0.477522083345649,-0.199578399965552,0.386258816758865,0.224344622051351,-1.7571974909079,-1.32994089001969,0.908967474438652,-0.594808209079671,13.571680263507,-7.79114978090322,14.8283173249444,4.2725660088818
121,1.00833333333333,28.199,-10.8,21.697,13.138,0.492165395769881,-0.188495559215388,0.37868408780521,0.229301357127015,-1.87029482643712,-1.26501464184549,0.785398163397449,-0.630412925820353,13.0690254389339,-7.28849495632856,14.5769899126555,3.01592894744636
122,1.01666666666667,29.092,-10.196,21.322,13.439,0.50775118599019,-0.177953770533342,0.372139103110231,0.234554798175518,-1.97920337176157,-1.20427718387609,0.663923247458653,-0.655545667049072,13.3203528512146,-7.03716754404448,13.571680263512,2.26194671058221
123,1.025,30.037,-9.621,21.005,13.752,0.524244547421537,-0.167918127334374,0.366606409381409,0.24001767873426,-2.09020631218836,-1.14563412100905,0.550825911929387,-0.674395222970591,12.5663706143649,-6.53451271946355,12.3150432020675,1.00530964915185
124,1.03333333333333,31.035,-9.074,20.742,14.074,0.54166293335644,-0.158371176325965,0.362016193448664,0.245637638925682,-2.19492606730807,-1.09117984834686,0.448200551912156,-0.68277280338019,11.3097335529258,-6.03185789489149,12.0637157897862,-7.99360577730116E-13
125,1.04166666666667,32.083,-8.553,20.528,14.4,0.559953983917341,-0.149278010923075,0.358281188849396,0.251327412287183,-2.28917384691579,-1.04091436588943,0.347669586997271,-0.682772803380183,9.55044166691214,-4.77522083345727,10.5557513160622,-0.753982236861986
126,1.05,33.176,-8.056,20.362,14.726,0.579030432641639,-0.140603724540663,0.355383942291085,0.257017185648685,-2.36876086080672,-1.00112085894395,0.259704992696753,-0.676489618073,6.53451271946415,-2.5132741228717,8.54513201776361,-1.50796447372239
127,1.05833333333333,34.307,-7.578,20.238,15.049,0.598770106481695,-0.13226105071613,0.353219734018612,0.262654599132627,-2.42321513346892,-0.980176907920018,0.18849555921539,-0.663923247458647,2.76460153515987,-1.00530964914852,6.28318530718004,-1.7592918860105
128,1.06666666666667,35.464,-7.11,20.148,15.366,0.618963565927269,-0.124092909816797,0.351648937691817,0.268187292861449,-2.44625347959525,-0.971799327510448,0.136135681655556,-0.649262481741893,-0.753982236859588,1.25663706143564,3.26725635973288,-2.01061929829704
129,1.075,36.632,-6.646,20.083,15.676,0.639349011590563,-0.115994582087543,0.350514473678021,0.273597813542631,-2.43997029428809,-0.982271303022411,0.108908545324449,-0.632507320922751,-4.27256600888224,1.75929188601031,0.753982236861989,-2.76460153515981
130,1.08333333333333,37.797,-6.177,20.031,15.978,0.659682097376297,-0.10780898789569,0.349606902466984,0.278868707883654,-2.4043655775474,-0.996932068739164,0.102625360017266,-0.609468974796419,-7.28849495633764,2.01061929829439,-1.75929188601013,-2.76460153516011
131,1.09166666666667,38.945,-5.701,19.982,16.269,0.679718477189192,-0.099501220656197,0.348751691133507,0.283947616006957,-2.34362811957792,-1.01368722955828,0.117286125734017,-0.586430628670085,-8.54513201775349,0.502654824577495,-4.02123859659514,-3.0159289474452
132,1.1,40.064,-5.217,19.926,16.549,0.699248711519008,-0.091053827076544,0.34777430675239,0.288834537912542,-2.27241868609664,-1.0178760197631,0.150796447372311,-0.561297887441374,-9.04778684234223,0,-5.78053048260458,-3.51858377201942
133,1.10833333333333,41.149,-4.731,19.854,16.817,0.718185533903147,-0.082571526911852,0.346517669690954,0.293512020307886,-2.19702046241046,-1.0178760197631,0.198967534727349,-0.531976356007879,-9.29911425462402,-1.00530964914873,-7.03716754404203,-3.76991118430914
134,1.11666666666667,42.198,-4.245,19.759,17.071,0.736494037756567,-0.074089226747159,0.34485960690156,0.297945156607952,-2.11952784362193,-1.00949843935352,0.257610597594365,-0.50056042947197,-9.29911425462722,-2.26194671058466,-7.53982236861589,-4.52389342116873
135,1.125,43.21,-3.763,19.636,17.31,0.75415676978675,-0.065676739752547,0.342712851921607,0.302116493520218,-2.04203522483337,-0.990648883431985,0.320442450666164,-0.462861317628897,-9.55044166691212,-3.01592894744625,-7.28849495632775,-4.52389342116794
136,1.13333333333333,44.185,-3.29,19.483,17.531,0.771173729993695,-0.057421332390614,0.340042498166055,0.305973671167126,-1.96244821094243,-0.965516142203266,0.381179908635562,-0.425162205785831,-9.55044166691212,-5.02654824574359,-6.53451271946657,-4.77522083345846
137,1.14166666666667,45.122,-2.829,19.301,17.734,0.787527465084881,-0.04937536453892,0.336865998927425,0.309516689548674,-1.8828611970515,-0.923628240155403,0.435634181297783,-0.385368698840344,-9.04778684234644,-6.78584013175678,-5.78053048260463,-4.77522083345717
138,1.15,46.021,-2.388,19.093,17.918,0.80321797506031,-0.041678462537625,0.333235714083277,0.312728095372344,-1.80746297336528,-0.867079572390763,0.483805268652822,-0.345575191894868,-9.04778684233304,-8.04247719318711,-4.52389342117016,-4.5238934211675
139,1.15833333333333,46.884,-1.974,18.862,18.083,0.818280166505021,-0.034452799434368,0.32920400351117,0.315607888638135,-1.73206474967917,-0.800058929114203,0.521504380495907,-0.307876080051804,-8.04247719318655,-9.2991142546257,-3.76991118430754,-4.52389342116954
140,1.16666666666667,47.711,-1.592,18.613,18.23,0.832714039419014,-0.02778564169175,0.324858133673704,0.318173522638566,-1.66504410640261,-0.722566310325655,0.552920307031803,-0.270176968208725,-8.29380460547787,-10.5557513160618,-2.51327412287249,-3.51858377202101
141,1.175,48.506,-1.247,18.349,18.359,0.846589406972369,-0.021764255772369,0.320250464448439,0.320424997373639,-1.59592906802363,-0.634601716025141,0.57386425805574,-0.240855436775217,-9.04778684234228,-11.8123883774977,-1.50796447372239,-3.01592894744635
142,1.18333333333333,49.268,-0.944,18.075,18.474,0.859888815872566,-0.016475908138827,0.315468262297975,0.322432126013432,-1.52053084433745,-0.53616514621266,0.586430628670094,-0.215722695546497,-9.29911425462399,-13.0690254389337,-0.251327412287329,-2.01061929829704
143,1.19166666666667,49.994,-0.688,17.795,18.577,0.872559906242045,-0.012007865253721,0.310581340392391,0.324229815142987,-1.44303822554891,-0.427256600888213,0.588525023772488,-0.198967534727355,-10.0530964914852,-14.3256625003696,1.00530964914772,-1.25663706143585
144,1.2,50.683,-0.484,17.514,18.672,0.884585224788286,-0.008447393579653,0.305676965194287,0.325887877932381,-1.3592624214532,-0.307876080051801,0.580147443362924,-0.18849555921539,-9.29911425462719,-16.336281798667,2.5132741228733,-0.502654824574657
145,1.20833333333333,51.332,-0.337,17.237,18.762,0.895912411633729,-0.005881759579221,0.300842403166263,0.327458674259176,-1.28176980266464,-0.171740398396243,0.55920349233898,-0.184306769010601,-8.79645943005642,-17.3415914478159,4.02123859659655,-0.251327412287915
146,1.21666666666667,51.944,-0.255,16.97,18.85,0.906593826655934,-0.004450589592586,0.296182374063438,0.328994564000931,-1.20846597408084,-0.027227136331111,0.525693170700675,-0.182212373908202,-7.2884949563229,-18.8495559215383,5.52920307031463,0.251327412287109
147,1.225,52.521,-0.242,16.719,18.937,0.916664376439942,-0.004223696789826,0.291801597640932,0.330513000450166,-1.14772851611148,0.129852496348379,0.479616478448052,-0.184306769010594,-6.28318530718082,-20.1061929829748,6.7858401317555,0.251327412288927
148,1.23333333333333,53.069,-0.304,16.49,19.025,0.926228780740871,-0.005305800926063,0.287804793653865,0.332048890191921,-1.09536863855164,0.297404104539835,0.423067810683423,-0.186401164113002,-5.27787565803153,-21.1115026321235,7.53982236861509,0.502654824573058
149,1.24166666666667,53.592,-0.446,16.288,19.114,0.935356852728801,-0.007784168463895,0.284279228564836,0.333602233226196,-1.05138634140138,0.473333293140864,0.360235957611631,-0.190589954317778,-5.27787565802833,-20.8601752198364,8.04247719319054,7.99360577730116E-13
150,1.25,54.094,-0.672,16.116,19.205,0.944118405573813,-0.011728612573402,0.281277262251406,0.335190482845511,-1.00740404425114,0.6471680866395,0.293215314335043,-0.190589954317784,-5.78053048260777,-21.1115026321236,8.29380460547548,0
151,1.25833333333333,54.575,-0.981,15.976,19.296,0.952513439275905,-0.017121679962064,0.278833801298614,0.336778732464826,-0.959232956896078,0.823097275240529,0.224100275956081,-0.190589954317784,-7.03716754404043,-19.1008833338259,8.29380460547868,-0.753982236861986
152,1.26666666666667,55.033,-1.374,15.869,19.387,0.960507047250039,-0.023980823922402,0.27696629899898,0.338366982084141,-0.900589894029075,0.982271303022411,0.154985237577093,-0.184306769010601,-8.54513201776387,-17.3415914478122,7.79114978090271,-1.75929188601105
153,1.275,55.463,-1.843,15.795,19.475,0.968011963033615,-0.032166418114256,0.275674755352504,0.339902871825896,-0.829380460547709,1.12678456508751,0.090058989402904,-0.169646003293842,-11.3097335529261,-14.57698991266,7.28849495632728,-2.26194671058377
154,1.28333333333333,55.859,-2.381,15.752,19.556,0.974923466871513,-0.041556289489985,0.274924263774147,0.341316588520011,-0.73513268093999,1.24825948102635,0.029321531433508,-0.150796447372311,-13.3203528512165,-11.5610609652106,6.53451271946737,-3.51858377202021
155,1.29166666666667,56.21,-2.977,15.738,19.628,0.981049572546013,-0.051958451831871,0.274679917678868,0.342573225581447,-0.624129740513186,1.34460165573644,-0.02513274122872,-0.121474915938809,-15.8336269740946,-9.04778684233847,6.03185789489191,-4.2725660088822
156,1.3,56.508,-3.619,15.75,19.686,0.986250653716956,-0.063163465629675,0.274889357189107,0.343585516547604,-0.492182849062399,1.41999987942259,-0.075398223686152,-0.085870199198124,-17.5929188601019,-6.0318578948925,5.27787565803152,-5.27787565803152
157,1.30833333333333,56.743,-4.297,15.786,19.727,0.990352177459142,-0.074996797958196,0.275517675719825,0.344301101540921,-0.345575191894884,1.47026536188003,-0.119380520836414,-0.041887902047862,-19.352210746114,-3.76991118430814,4.52389342116953,-5.27787565803072
158,1.31666666666667,56.908,-4.999,15.843,19.747,0.993231970724933,-0.087249009307197,0.276512513393462,0.34465016739132,-0.184306769010601,1.50168128841593,-0.157079632679494,0.002094395102394,-21.1115026321245,-1.25663706143544,4.52389342116873,-5.27787565803072
159,1.325,56.996,-5.716,15.918,19.746,0.994767860466688,-0.099763020043996,0.277821510332457,0.3446327140988,-0.008377580409564,1.51215326392789,-0.194778744522566,0.04607669225265,-22.8707945181334,1.25663706143563,4.52389342116953,-4.77522083345686
160,1.33333333333333,57,-6.438,16.011,19.724,0.994837673636768,-0.112364297243395,0.279444666536812,0.344248741663362,0.182212373908213,1.50168128841593,-0.232477856365646,0.085870199198124,-24.6300864041395,4.77522083346135,5.02654824574252,-4.27256600888182
161,1.34166666666667,56.913,-7.155,16.122,19.683,0.993319237187533,-0.124878307980194,0.281381982006526,0.343533156670044,0.387463093942708,1.46188778147042,-0.2743657584135,0.121474915938806,-25.384068641012,6.78584013174946,5.78053048260611,-2.76460153515854
162,1.35,56.728,-7.853,16.253,19.625,0.990090378071343,-0.137060706159115,0.283668363326638,0.342520865703887,0.59899699928448,1.40533911370584,-0.322536845768552,0.144513262065127,-25.8867234655782,9.04778684233786,5.78053048260538,-2.26194671058437
163,1.35833333333333,56.442,-8.524,16.407,19.556,0.985098736410639,-0.148771865439997,0.28635617037471,0.341316588520011,0.814719694830964,1.32994089001969,-0.370707933123596,0.163362817986664,-25.1327412287154,9.55044166691372,6.78584013175469,-1.00530964914932
164,1.36666666666667,56.053,-9.159,16.584,19.478,0.978309405620381,-0.159854706190161,0.28944540315074,0.339955231703456,1.02415920507026,1.25035387612874,-0.427256600888219,0.171740398396241,-23.6247767549978,9.29911425462519,7.03716754404043,-0.251327412288927
165,1.375,55.564,-9.756,16.788,19.396,0.969774745578129,-0.170274321824567,0.293005874824808,0.33852406171682,1.22103234469524,1.1728612573402,-0.485899663755222,0.173834793498649,-22.3681396935603,9.04778684233946,8.29380460547708,-0.502654824571463
166,1.38333333333333,54.981,-10.316,17.02,19.313,0.959599476039002,-0.180048165635735,0.297055038689435,0.337075438437665,1.40743350880824,1.09746303365404,-0.555014702134198,0.178023583703411,-19.6035381583989,8.04247719318937,8.79645943005173,-0.753982236862788
167,1.39166666666667,54.309,-10.84,17.285,19.228,0.9478708634656,-0.189193690916185,0.30168016120722,0.33559190857347,1.5707963267949,1.03044239037746,-0.628318530717962,0.184306769010601,-17.592918860098,8.54513201776827,9.80176907919798,-1.25663706143602
168,1.4,53.559,-11.332,17.585,19.14,0.934780894075643,-0.197780710835997,0.306916148963203,0.334056018831715,1.71740398396238,0.959232956896055,-0.709999939711278,0.194778744522568,-14.074335088086,8.29380460547259,9.55044166691414,-2.51327412287145
169,1.40833333333333,52.739,-11.79,17.924,19.047,0.920469194209289,-0.205774318810131,0.312832815127464,0.33243286262736,1.83469010969643,0.890117918517116,-0.789586953602231,0.215722695546497,-11.8123883775021,7.28849495632895,9.04778684233987,-3.76991118430834
170,1.41666666666667,51.863,-12.215,18.301,18.944,0.905180109961819,-0.213191968131107,0.319412706407482,0.330635173497806,1.93312667950895,0.829380460547708,-0.864985177288396,0.2471386220824,-9.55044166690892,7.28849495632856,8.5451320177644,-4.77522083345606
171,1.425,50.94,-12.611,18.714,18.826,0.889070720965911,-0.220103471969005,0.326620916218219,0.328575684980452,2.01271369339986,0.768643002578304,-0.936194610769766,0.286932129027867,-8.54513201776603,7.03716754404083,8.79645943005093,-5.78053048260618
172,1.43333333333333,49.979,-12.978,19.161,18.689,0.872298106854246,-0.226508830323824,0.334422537974633,0.32618458390522,2.08392312688124,0.709999939711297,-1.00949843935352,0.335103216382918,-7.28849495632693,6.7858401317543,7.79114978090242,-6.03185789489112
173,1.44166666666667,48.984,-13.317,19.643,18.529,0.854932080796902,-0.232425496488085,0.342835024969246,0.323392057102029,2.14466058485063,0.653451271946678,-1.07442468752771,0.385368698840344,-5.78053048260621,6.53451271946657,7.28849495632856,-5.52920307031885
174,1.45,47.96,-13.629,20.156,18.345,0.83705990925648,-0.237870923754307,0.351788564031977,0.32018065127836,2.19283167220568,0.598996999284457,-1.13516214549711,0.431445391093001,-5.52920307031803,6.28318530717964,6.7858401317539,-5.02654824574419
175,1.45833333333333,46.913,-13.915,20.698,18.139,0.8187863119881,-0.242862565415011,0.361248248577786,0.316585273019251,2.23890836445833,0.546637121724627,-1.19171081326173,0.473333293140869,-4.02123859658681,5.0265482457458,6.28318530717607,-3.5185837720186
176,1.46666666666667,45.844,-14.176,21.267,17.913,0.80012874228428,-0.247417874762716,0.371179172021634,0.312640828909744,2.27241868609656,0.504749219676745,-1.24407069082153,0.502654824574357,-2.01061929830742,3.26725635973118,5.52920307032268,-2.51327412287245
177,1.475,44.759,-14.417,21.861,17.673,0.781191919900142,-0.251624118260022,0.38154642777848,0.308452038704958,2.28917384691579,0.477522083345651,-1.29014738307422,0.523598775598295,1.00530964915091,0.251327412287335,5.2778756580299,-0.753982236861986
178,1.48333333333333,43.666,-14.645,22.477,17.423,0.762115471175844,-0.25560346895457,0.392297655970765,0.304088715574972,2.28079626650619,0.475427688243257,-1.33412968022447,0.529881960905478,4.27256600888219,-1.25663706143585,4.77522083345527,-0.251327412288128
179,1.49166666666667,42.577,-14.872,23.114,17.17,0.743108835621626,-0.259565366356597,0.403415403305969,0.299673032567426,2.24519154976551,0.485899663755222,-1.37392318716993,0.531976356007879,6.03185789489109,-3.51858377202101,5.0265482457466,0.753982236862785
180,1.5,41.505,-15.104,23.77,16.916,0.724398906040246,-0.263614530221223,0.414864763199052,0.295239896267361,2.19492606730808,0.51522119518873,-1.41581108921782,0.525693170700689,6.534512719469,-4.52389342116954,5.02654824574098,1.50796447372239
181,1.50833333333333,40.457,-15.35,24.446,16.665,0.706107855479346,-0.26790804018113,0.426663188942534,0.290859119844855,2.14047179464584,0.55292030703181,-1.45769899126566,0.513126800086336,7.0371675440404,-6.0318578948911,6.28318530718164,2.26194671058516
182,1.51666666666667,39.435,-15.614,25.142,16.42,0.688270590523964,-0.272515709406395,0.438810680536414,0.286583063177469,2.08182873177884,0.603185789489235,-1.51005886882551,0.494277244164793,7.53982236861996,-7.03716754403991,7.03716754403382,3.01592894744706
183,1.525,38.441,-15.902,25.863,16.184,0.67092201775914,-0.277542257652138,0.451394504443293,0.282464086142762,2.01899687870701,0.661828852356235,-1.56870193169245,0.469144502936068,9.29911425462049,-7.03716754404396,9.29911425463275,3.76991118430674
184,1.53333333333333,37.477,-16.218,26.612,15.96,0.654097043769915,-0.28305749808844,0.464467020540731,0.278554548618295,1.9415042599185,0.720471915223269,-1.64619455048106,0.437728576400177,11.0584061406377,-7.53982236861429,8.79645943005176,4.2725660088814
185,1.54166666666667,36.55,-16.562,27.398,15.751,0.637917841603927,-0.289061430715301,0.478185308461406,0.274906810481627,1.84935087541319,0.783303768295054,-1.71949837906483,0.402123859659499,12.817698026645,-7.28849495632856,8.5451320177628,4.27256600888301
186,1.55,35.667,-16.936,28.219,15.559,0.622506584308818,-0.29558896211776,0.49251446162028,0.271555778317798,1.74253672519115,0.844041226264459,-1.79070781254618,0.366519142918808,13.0690254389331,-6.7858401317539,5.78053048260616,5.02654824574339
187,1.55833333333333,34.835,-17.339,29.074,15.384,0.607985444932225,-0.302622639003297,0.507437026724831,0.268501452126808,1.6336281798667,0.900589894029075,-1.83887889990123,0.324631240870946,11.3097335529242,-3.51858377202181,2.76460153515824,5.27787565803152
188,1.56666666666667,34.055,-17.769,29.952,15.229,0.594371876766669,-0.310127554786872,0.522761017557342,0.265796191786216,1.539380400259,0.92991142546259,-1.86191724602755,0.280648943720684,7.28849495632696,-0.502654824573058,-1.00530964914931,5.27787565802912
189,1.575,33.32,-18.213,30.841,15.095,0.581543706764511,-0.317876816665727,0.538276994607571,0.263457450588544,1.47864294228961,0.934100215667365,-1.85353966561798,0.236666646570441,2.76460153516144,2.26194671058437,-3.01592894744477,6.28318530718084
190,1.58333333333333,32.614,-18.659,31.726,14.982,0.569221682245431,-0.325660985129622,0.553723158487721,0.26148522853379,1.45560459616327,0.915250659745829,-1.82840692438927,0.184306769010601,1.00530964915235,3.26725635973572,-4.52389342117445,6.53451271946779
191,1.59166666666667,31.919,-19.096,32.599,14.894,0.55709164394407,-0.333288073960837,0.568959882857631,0.259949338792035,1.44722701575366,0.888023523414698,-1.79070781254615,0.12985249634837,0.251327412281886,4.52389342116737,-4.27256600887797,6.7858401317525
192,1.6,31.228,-19.52,33.454,14.832,0.545031418812789,-0.340688269989293,0.583882447962183,0.258867234655799,1.44513262065131,0.850324411571635,-1.7551030958055,0.073303828583764,0.502654824574657,5.78053048260377,-5.27787565802833,6.7858401317539
193,1.60833333333333,30.538,-19.926,34.292,14.797,0.532988646974028,-0.34777430675239,0.598508307093895,0.258256369417601,1.44094383044652,0.802153324216604,-1.71112079865526,0.016755160819149,1.7592918860105,7.79114978090322,-5.2778756580347,5.52920307031885
194,1.61666666666667,29.85,-20.309,35.109,14.789,0.520980781720307,-0.354458917787528,0.612767647082689,0.258116743077441,1.42628306472977,0.737227076042411,-1.66713850150497,-0.029321531433508,5.0265482457426,7.28849495632936,-4.52389342116715,5.78053048260458
195,1.625,29.169,-20.661,35.905,14.803,0.509095089514226,-0.360602476754548,0.626660467928564,0.258361089172721,1.38439516268192,0.676489618073,-1.62943938966191,-0.077492618788546,10.555751316063,5.0265482457434,-4.52389342117034,4.2725660088822
196,1.63333333333333,28.508,-20.984,36.683,14.84,0.497558463158543,-0.36623989023849,0.64023912950908,0.259006860995958,1.29643056838139,0.634601716025138,-1.59174027781883,-0.113097335529231,17.3415914478154,1.50796447372237,-4.27256600888059,3.51858377202101
197,1.64166666666667,27.889,-21.287,37.443,14.894,0.486754875088699,-0.371528237872033,0.653503631824237,0.259949338792035,1.15191730631626,0.622035345410785,-1.55613556107816,-0.14241886696274,22.8707945181373,-1.25663706143302,-5.27787565803635,1.00530964914804
198,1.65,27.339,-21.584,38.186,14.962,0.47715556420273,-0.376711865750456,0.666471428166555,0.261136162683392,0.961327351998453,0.632507320922727,-1.51215326392785,-0.150796447372307,25.1327412287156,-2.51327412287446,-6.53451271946238,-0.502654824574164
199,1.65833333333333,26.88,-21.886,38.908,15.034,0.469144502936076,-0.381982760091479,0.679072705365954,0.262392799744827,0.751887841759152,0.653451271946681,-1.45769899126567,-0.146607657167522,24.1274315795684,-3.01592894744476,-8.5451320177644,-1.75929188600971
200,1.66666666666667,26.521,-22.198,39.604,15.104,0.462878770921416,-0.387428187357701,0.691220196959834,0.263614530221223,0.550825911929415,0.678584013175388,-1.3864895577843,-0.131946891450774,21.6141574566975,-3.51858377202261,-10.5557513160598,-3.51858377202101
201,1.675,26.258,-22.522,40.266,15.167,0.458288554988671,-0.393083054134163,0.702774276608037,0.26471408764998,0.370707933123603,0.707905544608909,-1.2985249634838,-0.102625360017266,17.8442462723924,-3.26725635973209,-12.3150432020736,-3.76991118430754
202,1.68333333333333,26.081,-22.86,40.886,15.216,0.455199322212641,-0.398982267005904,0.713595317970402,0.265569298983457,0.222005880853667,0.73513268094001,-1.19589960346652,-0.07120943348137,13.8230076757927,-1.50796447372397,-14.8283173249452,-4.02123859659487
203,1.69166666666667,25.975,-23.211,41.457,15.25,0.453349273205527,-0.405108372680404,0.723561147999289,0.266162710929135,0.106814150222061,0.747699051554376,-1.07233029242531,-0.037699111843079,10.8070787283504,0.502654824575457,-16.3362817986676,-4.52389342116953
204,1.7,25.924,-23.568,41.969,15.268,0.45245915528701,-0.411339198110024,0.7324972337695,0.266476870194494,0.016755160819142,0.743510261349581,-0.936194610769746,0,8.04247719318895,3.01592894744476,-17.8442462723852,-4.52389342116953
205,1.70833333333333,25.916,-23.923,42.416,15.268,0.45231952894685,-0.417535116954603,0.740298855525915,0.266476870194494,-0.050265482457432,0.718377520120874,-0.78749255849987,0.037699111843079,5.78053048260586,4.02123859659786,-17.5929188601087,-5.02654824574314
206,1.71666666666667,25.94,-24.266,42.792,15.25,0.452738407967329,-0.423521596288944,0.746861293513414,0.266162710929135,-0.098436569812481,0.684867198482559,-0.640884901332298,0.079587013890939,3.76991118430776,5.52920307031573,-16.0849543863754,-5.52920307031896
207,1.725,25.987,-24.593,43.098,15.212,0.453558712715766,-0.429228822942965,0.752202001024516,0.265499485813377,-0.12985249634838,0.638790506229927,-0.506843614779166,0.125663706143598,1.25663706143585,7.28849495632856,-15.5822995618064,-5.52920307031645
208,1.73333333333333,26.049,-24.898,43.34,15.152,0.454640816852003,-0.434552077161548,0.756425697814343,0.264452288262181,-0.140324471860345,0.578053048260523,-0.37699111843078,0.171740398396235,-1.25663706143585,8.5451320177628,-15.8336269740962,-5.78053048260698
209,1.74166666666667,26.116,-25.174,43.52,15.07,0.455810187450839,-0.439369185897052,0.759567290467932,0.263021118275545,-0.12985249634838,0.506843614779166,-0.245044226979979,0.219911485751293,-2.76460153515983,9.80176907920265,-16.0849543863779,-4.77522083345527
210,1.75,26.178,-25.416,43.637,14.965,0.456892291587076,-0.443592882686879,0.761609325692765,0.261188522560951,-0.106814150222048,0.425162205785811,-0.11100294042683,0.259704992696753,-5.02654824574259,10.5557513160606,-17.3415914478121,-4.77522083345686
211,1.75833333333333,26.229,-25.619,43.69,14.841,0.457782409505593,-0.447135901068427,0.762534350196322,0.259024314288478,-0.064926248174193,0.337197611485306,0.033510321638271,0.299498499642227,-6.28318530718004,10.5557513160614,-17.5929188601051,-3.76991118430834
212,1.76666666666667,26.26,-25.78,43.674,14.698,0.458323461573711,-0.449945881164138,0.762255097516004,0.256528493458127,-0.01256637061436,0.249233017184794,0.180117978805812,0.330914426178129,-8.29380460547769,10.5557513160628,-19.1008833338248,-2.26194671058325
213,1.775,26.266,-25.899,43.588,14.54,0.458428181328831,-0.452022822974011,0.760754114359288,0.253770873239975,0.056548667764621,0.161268422884272,0.339292006587685,0.349763982099656,-9.04778684233741,9.80176907919948,-20.608847807552,-1.25663706143614
214,1.78333333333333,26.239,-25.976,43.426,14.373,0.457956942430792,-0.453366726498047,0.757926680971058,0.250856173389145,0.131946891450768,0.079587013890941,0.511032404983955,0.360235957611624,-10.5557513160622,10.5557513160606,-21.1115026321229,0.25132741228573
215,1.79166666666667,26.176,-26.014,43.182,14.201,0.456857385002036,-0.454029951613805,0.753668077596191,0.247854207075715,0.219911485751286,-0.008377580409564,0.686961593584978,0.358141562509243,-11.0584061406369,11.8123883774997,-21.6141574566959,1.00530964914932
216,1.8,26.071,-26.01,42.854,14.03,0.455024789287442,-0.453960138443725,0.74794339764965,0.244869694054804,0.312064870256593,-0.106814150222061,0.867079572390777,0.349763982099666,-11.0584061406361,13.8230076757943,-20.1061929829752,1.75929188601091
217,1.80833333333333,25.922,-25.959,42.44,13.863,0.45242424870197,-0.453070020525208,0.740717734546393,0.241954994203974,0.404218254761894,-0.22200588085368,1.03463118058224,0.335103216382908,-10.5557513160598,14.5769899126571,-19.8548655706886,1.00530964914812
218,1.81666666666667,25.729,-25.853,41.946,13.703,0.449055763245621,-0.451219971518094,0.732095808041542,0.239162467400783,0.492182849062392,-0.343480796792489,1.20008839367131,0.326725635973341,-8.79645943005254,15.3309721495175,-18.8495559215377,1.75929188601051
219,1.825,25.494,-25.689,41.373,13.547,0.444954239503434,-0.448357631544823,0.722095071427614,0.236439753767672,0.565486677646163,-0.471238898038468,1.35716802635079,0.312064870256586,-6.7858401317547,16.0849543863803,-18.5982285092528,1.25663706143585
220,1.83333333333333,25.224,-25.464,40.725,13.398,0.44024185052305,-0.444430640727836,0.710785337874691,0.2338392131822,0.622035345410785,-0.605280184591637,1.51215326392789,0.301592894744621,-3.01592894744428,15.5822995618017,-18.5982285092475,2.26194671058527
221,1.84166666666667,24.927,-25.175,40.003,13.254,0.435058222644626,-0.439386639189572,0.698184060675292,0.231325939059328,0.647168086639487,-0.735132680939983,1.66713850150496,0.282743338823077,1.25663706143534,15.0796447372353,-16.5876092109574,1.50796447372263
222,1.85,24.618,-24.824,39.207,13.119,0.429665155255964,-0.433260533515072,0.684291239829417,0.228969744569136,0.636696111127526,-0.860796387083614,1.80536857826294,0.270176968208722,5.02654824574259,13.8230076757943,-13.8230076757959,2.26194671058437
223,1.85833333333333,24.314,-24.413,38.345,12.99,0.424359354329901,-0.426087230289376,0.669246501677226,0.226718269834063,0.594808209079671,-0.975988117715233,1.92056030889457,0.251327412287185,8.04247719318895,12.8176980266466,-9.55044166691212,1.50796447372358
224,1.86666666666667,24.03,-23.947,37.428,12.87,0.419402619254237,-0.417953995975082,0.653241832436438,0.22462387473167,0.527787565803097,-1.08280226793729,2.0001473227855,0.238761041672822,10.0530964914892,12.0637157897846,-4.77522083345685,0.502654824573861
225,1.875,23.778,-23.43,36.473,12.756,0.415004389539212,-0.408930643742271,0.636573938079892,0.222634199384397,0.444011761707354,-1.18333323285216,2.03994082973098,0.23457225146804,11.8123883774981,10.5557513160614,2.01061929829703,-0.251327412286929
226,1.88333333333333,23.566,-22.865,35.499,12.644,0.411304291524984,-0.399069533468503,0.619574431165467,0.220679430622163,0.34557519189487,-1.27129782715267,2.02318566891184,0.236666646570431,13.5716802635062,9.29911425462562,6.7858401317539,-0.502654824574261
227,1.89166666666667,23.401,-22.258,34.533,12.531,0.408424498259193,-0.388475384908898,0.602714550591202,0.218707208567409,0.232477856365652,-1.34879044594122,1.96663700114722,0.240855436775217,14.3256625003709,8.29380460547414,9.80176907920627,0.502654824575017
228,1.9,23.29,-21.614,33.594,12.416,0.406487182789479,-0.377235464526054,0.586325908914975,0.216700079927616,0.113097335529228,-1.41790548432017,1.88495559215384,0.236666646570425,14.325662500369,6.78584013175745,9.29911425462092,2.51327412287007
229,1.90833333333333,23.236,-20.937,32.694,12.303,0.405544704993402,-0.365419585490053,0.570617945647026,0.214727857872862,-0.006283185307183,-1.47445415208482,1.80746297336533,0.215722695546507,16.0849543863787,3.76991118430753,6.53451271946577,5.27787565803232
230,1.91666666666667,23.239,-20.233,31.831,12.2,0.405597064870962,-0.353132467556013,0.555555754202315,0.212930168743308,-0.140324471860339,-1.50587007862071,1.75300870070311,0.171740398396238,18.0955736846789,1.00530964914931,3.76991118430753,8.79645943005054
231,1.925,23.306,-19.514,30.994,12.118,0.406766435469798,-0.340583550234173,0.540947348363123,0.211498998756673,-0.291120919232662,-1.51424765903029,1.72159277416722,0.098436569812484,20.8601752198348,-2.01061929829783,1.75929188601053,10.5557513160626
232,1.93333333333333,23.445,-18.791,30.172,12.071,0.409192443130071,-0.327964819742254,0.526600741911729,0.210678694008235,-0.464955712731285,-1.49749249821114,1.70693200845046,0.010471975511962,22.1168122812738,-3.26725635973367,1.25663706143584,11.8123883774969
233,1.94166666666667,23.667,-18.076,29.357,12.066,0.413067074069498,-0.315485715590495,0.512376308507975,0.210591427545636,-0.649262481741899,-1.47026536188003,1.6964600329385,-0.087964594300512,23.1221219304199,-3.51858377202023,1.7592918860097,11.3097335529242
234,1.95,23.977,-17.374,28.547,12.108,0.41847759475068,-0.303233504241495,0.498239141566821,0.211324465831473,-0.841946831162064,-1.44094383044652,1.68179926722175,-0.182212373908213,22.1168122812722,-3.518583772021,4.02123859659648,10.8070787283476
235,1.95833333333333,24.379,-16.686,27.744,12.195,0.425493818343698,-0.291225638987774,0.484224147673307,0.212842902280708,-1.02625360017267,-1.41162229901302,1.64828894558344,-0.272271363311109,20.3575203952595,-3.51858377202465,6.78584013175739,9.80176907920033
236,1.96666666666667,24.869,-16.012,26.957,12.325,0.43404593167847,-0.279462119829332,0.470488406460111,0.215111830308301,-1.19589960346649,-1.38230076757948,1.5917402778188,-0.353952772304445,19.3522107461157,-3.51858377201569,10.5557513160577,9.04778684233875
237,1.975,25.44,-15.352,26.197,12.494,0.444011761707357,-0.267942946766169,0.457223904144954,0.218061436744171,-1.3571680263508,-1.35297923614601,1.50377568351832,-0.429350995990603,17.8442462723892,-4.77522083345767,13.3203528512205,7.28849495632896
238,1.98333333333333,26.088,-14.706,25.479,12.699,0.455321495260281,-0.256668119798286,0.444692440115635,0.22163936171076,-1.5058700786207,-1.31318572920053,1.39277274309148,-0.490088453960011,17.3415914478177,-5.0265482457422,15.3309721495191,5.02654824574379
239,1.99166666666667,26.807,-14.079,24.814,12.933,0.46787041258212,-0.245724905388282,0.433086000589873,0.225723432160427,-1.65038334068585,-1.27129782715268,1.26501464184549,-0.531976356007876,16.5876092109526,-5.78053048260616,15.8336269740914,4.02123859659487
240,2,27.595,-13.472,24.21,13.187,0.481623607087835,-0.235130756828676,0.422544211907827,0.230156568460492,-1.78861341744379,-1.22312673979763,1.13306775039473,-0.565486677646166,14.8283173249452,-5.27787565803073,15.3309721495183,2.26194671058437
241,2.00833333333333,28.449,-12.888,23.669,13.457,0.496528718899867,-0.224938033997029,0.413101980654538,0.234868957440877,-1.912182728485,-1.17914444264737,1.00530964914874,-0.584336233567703,13.0690254389339,-5.0265482457446,13.3203528512221,2.01061929829743
242,2.01666666666667,29.362,-12.325,23.189,13.736,0.512463574970575,-0.215111830308301,0.404724400244965,0.239738426053941,-2.02109127380945,-1.1372565405995,0.894306708721891,-0.601091394386848,9.55044166691055,-3.76991118430673,10.8070787283472,0.753982236862385
243,2.025,30.327,-11.782,22.762,14.023,0.52930600225232,-0.205634692469972,0.397271844338949,0.244747521007165,-2.10067828770037,-1.10584061406361,0.804247719318999,-0.607374579694034,6.28318530718082,-2.51327412287251,8.29380460547947,-0.753982236863185
244,2.03333333333333,31.33,-11.254,22.378,14.313,0.546811654649823,-0.196419354019442,0.390569780011291,0.249808975837948,-2.15303816526021,-1.08489666303968,0.735132680940003,-0.601091394386841,3.518583772021,-1.00530964914732,6.53451271946497,-1.50796447372157
245,2.04166666666667,32.358,-10.736,22.027,14.6,0.564753639360325,-0.187378548494111,0.384443674336791,0.254818070791172,-2.18235969669372,-1.07651908263011,0.680678408277795,-0.588525023772495,1.50796447372402,-0.502654824575856,6.28318530718004,-3.01592894744716
246,2.05,33.4,-10.222,21.702,14.881,0.582939970166106,-0.17840755613886,0.378771354267809,0.259722445989276,-2.19492606730808,-1.07233029242532,0.628318530717962,-0.563392282543768,-0.502654824590271,0.251327412280854,5.52920307032178,-3.76991118431014
247,2.05833333333333,34.448,-9.71,21.402,15.15,0.601231020727007,-0.169471470368649,0.373535366511826,0.264417381677141,-2.19073727710317,-1.07442468752766,0.58224183846528,-0.531976356007851,-1.75929188599325,1.00530964915574,5.27787565802752,-4.27256600887938
248,2.06666666666667,35.494,-9.197,21.124,15.404,0.619487164702867,-0.160517931305918,0.368683351191282,0.268850517977207,-2.17607651138655,-1.08280226793729,0.538259541315049,-0.496371639267188,-2.76460153516301,1.00530964914812,4.2725660088814,-4.52389342116954
249,2.075,36.533,-8.68,20.867,15.641,0.637621135631088,-0.151494579073108,0.364197855013657,0.272986948304433,-2.1530381652602,-1.09117984834686,0.502654824574371,-0.458672527424108,-3.51858377201621,1.00530964914934,4.02123859659487,-4.02123859659487
250,2.08333333333333,37.561,-8.159,20.627,15.86,0.65556312034159,-0.142401413670217,0.36000906480887,0.276809219366301,-2.12371663382673,-1.09955742875643,0.46914450293608,-0.425162205785818,-4.02123859659886,1.0053096491483,2.76460153515982,-4.2725660088814
251,2.09166666666667,38.575,-7.634,20.403,16.063,0.673260758956813,-0.133238435097247,0.356099527284403,0.280352237747849,-2.0902063121884,-1.107935009166,0.446106156809748,-0.389557489045139,-4.02123859659411,0.502654824575057,2.01061929829704,-4.52389342116953
252,2.1,39.573,-7.105,20.19,16.249,0.690679144891716,-0.124005643354197,0.352381975977655,0.283598550156559,-2.05669599055012,-1.11212379937079,0.429350995990607,-0.35185837720206,-3.76991118430753,-0.251327412287728,0,-4.27256600888221
253,2.10833333333333,40.555,-6.574,19.985,16.417,0.7078182781463,-0.114737945026107,0.348804051011067,0.286530703299909,-2.02528006401422,-1.1100294042684,0.429350995990607,-0.316253660461375,-3.76991118430753,-1.75929188601029,-1.00530964914852,-4.52389342117033
254,2.11666666666667,41.522,-6.044,19.78,16.568,0.724695612013085,-0.105487699990537,0.345226126044478,0.289166150470421,-1.99386413747833,-1.09536863855164,0.437728576400177,-0.278554548618289,-3.51858377201943,-3.01592894744616,-1.75929188601051,-4.02123859659328
255,2.125,42.474,-5.521,19.571,16.701,0.741311146492071,-0.096359628002607,0.34157838790781,0.291487438375573,-1.96454260604483,-1.07023589732293,0.452389342116932,-0.245044226980012,-3.76991118430913,-4.02123859659489,-1.75929188601051,-4.2725660088838
256,2.13333333333333,43.412,-5.01,19.355,16.818,0.757682334875778,-0.087440995524916,0.337808476723502,0.293529473600406,-1.93312667950892,-1.03672557568464,0.467050107833686,-0.209439510239314,-4.02123859659409,-6.0318578948925,-1.25663706143585,-3.51858377201942
257,2.14166666666667,44.335,-4.515,19.132,16.918,0.773791723871686,-0.078801615727544,0.333916392491555,0.295274802852401,-1.89961635787064,-0.986460093227199,0.477522083345651,-0.180117978805819,-4.77522083345685,-6.53451271946677,-0.753982236861986,-2.5132741228725
258,2.15,45.242,-4.044,18.904,17.004,0.789621860187275,-0.070581114950651,0.329937041797008,0.296775786009116,-1.85982285092517,-0.932005820564976,0.483805268652834,-0.159174027781882,-5.78053048260619,-7.79114978090282,-1.00530964914772,-2.01061929829784
259,2.15833333333333,46.13,-3.599,18.673,17.08,0.805120383944984,-0.062814399779276,0.325905331224901,0.298102236240631,-1.81165176357011,-0.867079572390786,0.492182849062399,-0.142418866962733,-7.03716754404043,-8.29380460547707,-0.502654824574664,-1.50796447372158
260,2.16666666666667,46.995,-3.185,18.438,17.148,0.820217481974735,-0.055588736676019,0.321803807482714,0.299289060131988,-1.75300870070311,-0.79796453401181,0.496371639267188,-0.129852496348387,-8.04247719318975,-9.2991142546259,-0.251327412287329,-1.50796447372478
261,2.175,47.832,-2.804,18.201,17.21,0.834825887813928,-0.048939032225921,0.317667377155488,0.300371164268224,-1.68598805742653,-0.720471915223262,0.498466034369582,-0.117286125734013,-10.053096491497,-9.55044166691713,1.00530964915165,-1.75929188600956
262,2.18333333333333,48.637,-2.46,17.963,17.266,0.848875788292482,-0.042935099599061,0.313513493535741,0.301348548649341,-1.60221225333072,-0.640884901332286,0.490088453959985,-0.102625360017267,-10.8070787283388,-10.8070787283442,3.01592894744306,-2.01061929829707
263,2.19166666666667,49.402,-2.154,17.729,17.315,0.862227557070239,-0.037594392087958,0.309429423086075,0.302203759982818,-1.51215326392789,-0.550825911929413,0.464955712731291,-0.085870199198124,-12.3150432020719,-11.5610609652106,4.02123859659487,-1.50796447372398
264,2.2,50.124,-1.891,17.507,17.356,0.874828834269638,-0.033004176155213,0.305554792146647,0.302919344976136,-1.40952790391063,-0.454483737219325,0.431445391093001,-0.073303828583758,-12.5663706143601,-13.8230076757952,5.02654824574339,-0.75398223686119
265,2.20833333333333,50.797,-1.674,17.301,17.391,0.88657490013556,-0.029216811678385,0.301959413887539,0.303530210214334,-1.30480814879096,-0.339292006587699,0.389557489045139,-0.067020643276581,-12.8176980266466,-15.3309721495183,5.02654824574499,0.25132741228733
266,2.21666666666667,51.42,-1.512,17.115,17.423,0.897448301375484,-0.026389378290154,0.298713101478829,0.304088715574972,-1.19799399856891,-0.211533905341713,0.347669586997265,-0.069115038378975,-12.3150432020719,-16.5876092109541,5.27787565802912,0.251327412287329
267,2.225,51.992,-1.411,16.949,17.456,0.907431584696892,-0.02462659574564,0.295815854920519,0.30466467422813,-1.09536863855164,-0.073303828583763,0.303687289847022,-0.07120943348137,-12.0637157897822,-18.3469010969647,5.02654824574499,0.753982236861989
268,2.23333333333333,52.515,-1.376,16.804,17.49,0.916559656684822,-0.024015730507442,0.293285127505127,0.305258086173808,-0.994837673636789,0.079587013890943,0.261799387799147,-0.077492618788553,-11.0584061406393,-18.3469010969644,5.02654824574419,0.251327412286529
269,2.24166666666667,52.99,-1.414,16.679,17.527,0.924849970631795,-0.0246789556232,0.291103465940134,0.305903857997046,-0.902684289131462,0.232477856365645,0.219911485751279,-0.079587013890941,-10.0530964914884,-19.1008833338262,5.27787565802912,0.251327412286531
270,2.25,53.421,-1.525,16.574,17.565,0.932372339707891,-0.026616271092914,0.28927087022554,0.306567083112804,-0.818908485035726,0.39165188414753,0.175929188601037,-0.081681408993329,-10.0530964914852,-19.100883333826,5.02654824574419,-0.251327412286531
271,2.25833333333333,53.812,-1.712,16.49,17.604,0.939196577083188,-0.029880036794143,0.287804793653865,0.307247761521082,-0.735132680940017,0.550825911929412,0.134041286553169,-0.079587013890941,-9.04778684233748,-18.5982285092517,5.02654824574579,-0.502654824573859
272,2.26666666666667,54.163,-1.975,16.426,17.642,0.945322682757689,-0.034470252726888,0.286687782932588,0.30791098663684,-0.659734457253871,0.705811149506509,0.092153384505287,-0.075398223686159,-9.55044166691372,-17.8442462723904,5.27787565802912,-0.753982236861987
273,2.275,54.478,-2.312,16.382,17.678,0.950820469901471,-0.040352012306109,0.285919838061711,0.308539305167558,-0.580147443362924,0.854513201776428,0.048171087355045,-0.069115038378975,-10.05309649149,-16.3362817986666,5.02654824574419,-1.00530964914932
274,2.28333333333333,54.755,-2.72,16.359,17.711,0.955655031929495,-0.047472955654246,0.285518412333752,0.309115263820716,-0.496371639267174,0.990648883431983,0.006283185307177,-0.060737457969398,-11.0584061406329,-14.0743350880826,4.77522083345526,-2.01061929829624
275,2.29166666666667,54.992,-3.193,16.356,17.74,0.959791462256722,-0.055728363016179,0.285466052456193,0.309621409303794,-0.4042182547619,1.107935009166,-0.033510321638284,-0.043982297150263,-11.5610609652124,-11.3097335529236,4.272566008883,-2.5132741228725
276,2.3,55.185,-3.722,16.372,17.761,0.963159947713071,-0.064961154759229,0.285745305136512,0.309987928446713,-0.307876080051798,1.2021827887737,-0.069115038378975,-0.023038346126325,-13.069025438936,-8.29380460546855,4.52389342116805,-3.76991118430749
277,2.30833333333333,55.332,-4.296,16.405,17.772,0.965725581713502,-0.074979344665676,0.28632126378967,0.310179914664432,-0.198967534727331,1.27129782715261,-0.106814150222042,0.008377580409571,-14.0743350880772,-5.27787565803876,4.52389342117077,-4.02123859659471
278,2.31666666666667,55.427,-4.903,16.456,17.768,0.967383644502897,-0.085573493225282,0.287211381708187,0.310110101494352,-0.081681408993349,1.31528012430293,-0.144513262065134,0.041887902047862,-15.582299561808,-2.01061929829783,4.52389342116873,-3.76991118430834
279,2.325,55.466,-5.531,16.525,17.748,0.968064322911175,-0.096534160927806,0.288415658892063,0.309761035643954,0.048171087355051,1.33203528512208,-0.182212373908207,0.073303828583764,-16.336281798666,0,4.02123859659568,-3.26725635973368
280,2.33333333333333,55.443,-6.167,16.612,17.713,0.967662897183216,-0.10763445497049,0.289934095341298,0.309150170405756,0.184306769010601,1.33203528512208,-0.215722695546504,0.100530964914878,-17.8442462723916,3.01592894744616,4.02123859659407,-2.26194671058357
281,2.34166666666667,55.355,-6.803,16.715,17.665,0.966127007441461,-0.118734749013174,0.291731784470852,0.308312412364798,0.33300882128053,1.30690254389336,-0.249233017184788,0.119380520836408,-18.3469010969631,4.52389342116954,4.272566008883,-1.25663706143665
282,2.35,55.196,-7.427,16.834,17.608,0.96335193393079,-0.129625603545619,0.293808726280725,0.307317574691162,0.485899663755222,1.26920343205028,-0.284837733925479,0.12985249634838,-18.3469010969631,6.28318530717964,3.76991118430674,0.251327412287332
283,2.35833333333333,54.964,-8.033,16.97,17.546,0.959302770066163,-0.140202298812704,0.296182374063438,0.306235470554925,0.638790506229914,1.21684355449045,-0.316253660461369,0.127758101245985,-18.8495559215393,7.28849495632816,4.02123859659647,1.25663706143505
284,2.36666666666667,54.659,-8.614,17.121,17.485,0.953979515847581,-0.150342661766792,0.298817821233949,0.305170819711208,0.795870138909408,1.15610609652105,-0.349763982099672,0.117286125734027,-18.5982285092528,7.28849495632853,3.51858377201942,2.51327412287329
285,2.375,54.279,-9.166,17.288,17.429,0.947347264690002,-0.1599768792378,0.30173252108478,0.304193435330092,0.950855376486513,1.09536863855164,-0.379085513533167,0.096342174710083,-18.3469010969663,7.03716754404123,3.01592894744636,3.26725635973368
286,2.38333333333333,53.825,-9.689,17.469,17.383,0.939423469885948,-0.169104951225731,0.304891567030889,0.303390583874174,1.10374621896123,1.03672557568463,-0.404218254761887,0.069115038378969,-17.0902640355256,6.03185789489232,4.2725660088822,3.76991118430675
287,2.39166666666667,53.298,-10.184,17.662,17.35,0.930225584727938,-0.177744331023103,0.308260052487238,0.302814625221016,1.24616508592394,0.986460093227199,-0.439822971502572,0.037699111843079,-16.5876092109573,4.77522083345647,5.27787565803152,2.26194671058437
288,2.4,52.703,-10.655,17.872,17.332,0.919840875678572,-0.185964831799996,0.311925243916427,0.302500465955657,1.38439516268192,0.946666586281728,-0.483805268652834,0.018849555921543,-16.0849543863763,4.52389342116913,6.03185789489191,1.25663706143665
289,2.40833333333333,52.042,-11.107,18.103,17.323,0.908304249322889,-0.19385372001901,0.315956954488533,0.302343386322978,1.51843644923506,0.908967474438652,-0.534070751110267,0.008377580409571,-14.5769899126587,3.51858377202061,6.7858401317539,-0.502654824575458
290,2.41666666666667,51.317,-11.541,18.358,17.319,0.89565061224593,-0.201428448972666,0.320407544081119,0.302273573152898,1.63991136517388,0.879645943005147,-0.590619418874882,0.012566370614367,-13.3203528512197,3.26725635973409,6.7858401317547,-2.26194671058357
291,2.425,50.534,-11.961,18.64,17.313,0.881984684202815,-0.208758831831042,0.325329372571743,0.302168853397778,1.75091430560071,0.85241880667403,-0.647168086639505,0.031415926535896,-12.0637157897752,3.26725635973776,6.28318530717397,-3.26725635973331
292,2.43333333333333,49.698,-12.368,18.949,17.298,0.867393731656142,-0.215862321886659,0.330722439960406,0.301907054009979,1.8514452705155,0.825191670342882,-0.699527964199288,0.058643062867007,-10.8070787283592,3.76991118430327,5.78053048260954,-5.0265482457427
293,2.44166666666667,48.814,-12.762,19.283,17.27,0.851965021068512,-0.222738919139516,0.336551839662067,0.301418361819421,1.9415042599185,0.79377574380702,-0.74769905155437,0.100530964914865,-10.3044239037765,4.77522083345566,6.03185789489351,-5.78053048260698
294,2.45,47.887,-13.141,19.64,17.222,0.835785818902525,-0.229353717004575,0.342782665091686,0.300580603778463,2.02737445911664,0.753982236861556,-0.797964534011815,0.148702052269923,-10.053096491482,5.52920307031844,5.52920307031725,-5.78053048260458
295,2.45833333333333,46.919,-13.501,20.021,17.151,0.818891031743219,-0.235636902311754,0.349432369541785,0.299341420009547,2.11115026321232,0.707905544608903,-0.844041226264459,0.196873139624961,-9.55044166691694,6.03185789489272,5.27787565802992,-5.52920307031805
296,2.46666666666667,45.911,-13.839,20.424,17.057,0.801298112883117,-0.241536115183495,0.356466046427322,0.297700810512673,2.1907372771033,0.657640062151463,-0.888023523414708,0.242949831877611,-8.7964594300525,6.7858401317539,5.27787565803313,-5.27787565803152
297,2.475,44.865,-14.153,20.848,16.941,0.783041968907256,-0.247016449034757,0.363866242455778,0.295676228580359,2.26404110568707,0.601091394386848,-0.932005820564984,0.286932129027874,-8.54513201776123,6.7858401317539,5.27787565802912,-3.76991118430674
298,2.48333333333333,43.784,-14.44,21.293,16.804,0.764174959693197,-0.252025543987981,0.371632957627153,0.293285127505127,2.33525053916841,0.544542726622232,-0.975988117715226,0.318348055563763,-7.53982236861826,6.53451271946657,5.78053048260697,-2.5132741228725
299,2.49166666666667,42.669,-14.7,21.759,16.652,0.74471453853346,-0.256563400043166,0.379766191941446,0.290632227042096,2.39808239224023,0.490088453960011,-1.02415920507028,0.3392920065877,-6.78584013175233,5.52920307031805,6.53451271946577,-1.50796447372238
300,2.5,41.524,-14.934,22.248,16.49,0.724730518598125,-0.260647470492833,0.388300851983698,0.287804793653865,2.45463106000483,0.444011761707361,-1.0786134777325,0.351858377202053,-4.52389342116872,4.272566008883,8.04247719318895,0.251327412286536
301,2.50833333333333,40.352,-15.146,22.763,16.322,0.704275259764752,-0.264347568507061,0.397289297631469,0.284872640510514,2.4923301718479,0.408407044966669,-1.14563412100907,0.349763982099666,-2.51327412287329,2.51327412287089,10.0530964914884,0.251327412287329
302,2.51666666666667,39.162,-15.341,23.31,16.155,0.683505841666019,-0.26775096054845,0.406836248639878,0.281957940659684,2.51327412287185,0.387463093942745,-1.22940992510481,0.347669586997271,0,1.00530964914852,12.0637157897862,0.502654824574657
303,2.525,37.962,-15.526,23.897,15.989,0.662561890642087,-0.27097981966464,0.417081331349085,0.279060694101373,2.51327412287185,0.379085513533174,-1.32994089001969,0.343480796792483,3.01592894744634,-0.753982236860394,14.3256625003682,-0.753982236861986
304,2.53333333333333,36.762,-15.707,24.532,15.825,0.641617939618155,-0.274138865610749,0.428164172099249,0.276198354128103,2.48814138164313,0.385368698840344,-1.4493214108561,0.349763982099666,6.03185789489269,-1.50796447372397,13.0690254389331,-1.50796447372398
305,2.54166666666667,35.574,-15.891,25.224,15.658,0.620883428104463,-0.277350271434419,0.44024185052305,0.273283654277272,2.43787589918569,0.39793506945471,-1.55822995618054,0.362330352714032,9.04778684233909,-2.26194671058517,9.55044166691372,-1.25663706143425
306,2.55,34.41,-16.081,25.968,15.485,0.600567795611249,-0.280666397013208,0.453227100157887,0.270264234671322,2.36247767549953,0.416784625376253,-1.63781697007149,0.372802328225984,12.5663706143729,-3.51858377201656,4.0212385965842,0.753982236862732
307,2.55833333333333,33.282,-16.28,26.75,15.307,0.580880481648753,-0.284139602224677,0.466875574908483,0.267157548602772,2.25775792037976,0.446106156809725,-1.67132729170969,0.366519142918795,15.0796447372181,-3.26725635973716,1.1484146966722E-11,3.26725635973197
308,2.56666666666667,32.204,-16.493,27.548,15.132,0.562065832312254,-0.287857153531425,0.480803302339398,0.264103222411782,2.13209421423626,0.473333293140869,-1.67132729170978,0.339292006587694,17.5929188601003,-4.2725660088806,1.00530964914692,5.52920307031725
309,2.575,31.186,-16.719,28.346,14.97,0.544298380526952,-0.291801597640932,0.494731029770313,0.261275789023551,1.98548655706876,0.508938009881541,-1.67970487211934,0.29321531433505,18.0955736846781,-4.52389342117033,4.52389342117032,7.28849495632856
310,2.58333333333333,30.238,-16.962,29.148,14.83,0.527752659218045,-0.296042747723278,0.508728570371307,0.258832328070759,1.83469010969645,0.546637121724627,-1.71740398396243,0.232477856365646,18.5982285092512,-4.77522083345687,6.7858401317539,8.04247719319055
311,2.59166666666667,29.362,-17.223,29.968,14.719,0.512463574970575,-0.300598057070983,0.523040270237661,0.256895012601045,1.67970487211935,0.5864306286701,-1.77395265172704,0.165457213089058,17.5929188601035,-4.52389342116873,7.53982236861509,8.04247719318895
312,2.6,28.56,-17.503,30.815,14.64,0.49846603436958,-0.305484978976567,0.537823209002053,0.25551620249197,1.53309721495183,0.624129740513173,-1.83678450479883,0.098436569812484,16.5876092109542,-4.52389342116953,6.7858401317555,8.04247719318975
313,2.60833333333333,27.828,-17.801,31.692,14.593,0.485690224244982,-0.310686060147511,0.553129746542043,0.254695897743533,1.39486713819387,0.661828852356252,-1.89333317256346,0.031415926535903,15.3309721495183,-4.2725660088822,4.52389342116874,6.7858401317555
314,2.61666666666667,27.162,-18.117,32.596,14.578,0.4740663314267,-0.316201300583813,0.568907522980072,0.254434098355733,1.26710903694789,0.697433569096937,-1.93103228440654,-0.025132741228726,14.0743350880825,-4.2725660088822,2.26194671058356,6.03185789489031
315,2.625,26.557,-18.45,33.518,14.59,0.463507089452134,-0.322013246992954,0.584999458683459,0.254643537865973,1.14982291121387,0.733038285837622,-1.94988184032807,-0.075398223686145,12.8176980266474,-3.76991118430674,-0.251327412286529,4.77522083345846
316,2.63333333333333,26.008,-18.8,34.449,14.626,0.453925231858685,-0.328121899374934,0.601248474019527,0.255271856396691,1.04300876099181,0.764454212373511,-1.94778744522568,-0.115191730631632,12.5663706143585,-3.26725635973449,-2.76460153515822,4.02123859659408
317,2.64166666666667,25.51,-19.165,35.379,14.681,0.445233492183754,-0.334492351144713,0.617480036063074,0.256231787485288,0.938289005872154,0.791681348704632,-1.92474909909936,-0.148702052269916,11.5610609652108,-3.76991118430754,-6.03185789489272,3.26725635973369
318,2.65,25.062,-19.543,36.298,14.752,0.437414417134819,-0.341089695717252,0.633519611888902,0.257470971254203,0.841946831162064,0.823097275240528,-1.87448361664192,-0.17592918860103,12.3150432020711,-3.51858377202101,-9.29911425462559,2.76460153515822
319,2.65833333333333,24.66,-19.936,37.193,14.836,0.430398193541802,-0.347948839677589,0.649140308694251,0.258937047825879,0.739321471144805,0.852418806674037,-1.79699099785337,-0.198967534727349,12.3150432020728,-3.76991118430754,-10.5557513160647,2.26194671058597
320,2.66666666666667,24.307,-20.343,38.051,14.931,0.424237181282262,-0.355052329733206,0.664115233676362,0.260595110615273,0.636696111127533,0.883834733209932,-1.70902640355284,-0.217817090648898,13.0690254389339,-4.2725660088822,-12.3150432020687,1.00530964914852
321,2.675,24.003,-20.765,38.867,15.035,0.418931380356199,-0.362417619176622,0.678357120372636,0.262410253037347,0.527787565803084,0.919439449950617,-1.6064010435356,-0.226194671058469,12.8176980266477,-3.26725635972764,-13.3203528512308,0.753982236859701
322,2.68333333333333,23.751,-21.204,39.634,15.143,0.414533150641173,-0.370079614592878,0.691743795735433,0.264295208629501,0.42097341558102,0.946666586281681,-1.49539810310867,-0.232477856365633,13.3203528512195,-3.01592894745065,-14.3256625003587,-1.00530964914778
323,2.69166666666667,23.55,-21.656,40.348,15.254,0.411025038844665,-0.377968502811892,0.704205446594672,0.266232524099215,0.309970475154185,0.971799327510438,-1.37601758227234,-0.224100275956068,12.3150432020712,-1.50796447372477,-14.8283173249452,-2.26194671058437
324,2.7,23.402,-22.12,41.005,15.361,0.408441951551713,-0.386066830541146,0.715672259780275,0.268100026398849,0.207345115136926,0.984365698124811,-1.25244827123113,-0.205250720034532,11.3097335529218,0.251327412287329,-14.5769899126587,-3.26725635973208
325,2.70833333333333,23.303,-22.59,41.603,15.459,0.406714075592239,-0.394269878025519,0.726109328707201,0.269810449065803,0.113097335529245,0.982271303022416,-1.13097335529231,-0.178023583703431,9.29911425462719,2.01061929829943,-13.8230076757927,-5.02654824574579
326,2.71666666666667,23.249,-23.059,42.143,15.544,0.405771597796162,-0.402455472217372,0.73553410666797,0.271293978929999,0.035604716740685,0.965516142203254,-1.01578162466071,-0.13613568165555,7.53982236861669,4.02123859659247,-13.8230076757959,-5.52920307031725
327,2.725,23.232,-23.52,42.628,15.609,0.405474891823323,-0.410501440069066,0.743998953540143,0.272428442943795,-0.027227136331121,0.932005820564984,-0.900589894029075,-0.090058989402906,6.03185789489111,6.03185789489351,-14.0743350880825,-7.03716754404043
328,2.73333333333333,23.245,-23.965,43.058,15.652,0.405701784626082,-0.418268155240441,0.751503869323718,0.273178934522152,-0.077492618788546,0.881740338107538,-0.783303768295054,-0.031415926535903,3.76991118430754,7.03716754404203,-13.8230076757943,-6.7858401317547
329,2.74166666666667,23.282,-24.386,43.432,15.667,0.40634755644932,-0.425615991391337,0.758031400726177,0.273440733909952,-0.108908545324442,0.823097275240521,-0.668112037663435,0.02513274122872,1.00530964915012,8.04247719318895,-14.5769899126571,-6.7858401317539
330,2.75,23.334,-24.779,43.751,15.655,0.407255127660357,-0.432475135351675,0.763599001040039,0.273231294399712,-0.117286125734027,0.756076631963947,-0.546637121724627,0.081681408993335,-1.00530964915012,7.79114978090322,-14.8283173249452,-6.7858401317539
331,2.75833333333333,23.39,-25.14,44.012,15.616,0.408232512041474,-0.438775773951374,0.768154310387744,0.272550615991434,-0.108908545324442,0.691150383789754,-0.423067810683417,0.138230076757951,-3.51858377202022,8.04247719318895,-15.8336269740882,-6.53451271946657
332,2.76666666666667,23.442,-25.47,44.214,15.55,0.409140083252511,-0.444535360482956,0.771679875476773,0.271398698685118,-0.079587013890941,0.62412974051318,-0.291120919232682,0.192684349420172,-5.78053048260538,8.29380460547707,-17.0902640355336,-6.03185789489271
333,2.775,23.48,-25.768,44.353,15.458,0.409803308368269,-0.449736441653899,0.774105883137045,0.269792995773283,-0.031415926535896,0.555014702134204,-0.148702052269903,0.242949831877611,-6.53451271946577,8.29380460547788,-18.5982285092496,-5.02654824574419
334,2.78333333333333,23.495,-26.033,44.424,15.342,0.410065107756068,-0.454361564171684,0.775345066905961,0.26776841384097,0.023038346126319,0.485899663755222,0.006283185307177,0.284837733925479,-7.53982236861669,8.5451320177644,-20.1061929829752,-3.76991118430754
335,2.79166666666667,23.484,-26.265,44.421,15.206,0.409873121538348,-0.458410728036311,0.775292707028401,0.265394766058258,0.085870199198124,0.414690230273852,0.173834793498636,0.316253660461375,-8.04247719318975,9.2991142546256,-21.6141574566991,-2.76460153515823
336,2.8,23.443,-26.463,44.338,15.055,0.409157536545031,-0.461866479955259,0.773844083749246,0.262759318887746,0.152890842474705,0.337197611485306,0.353952772304461,0.339292006587694,-9.0477868423376,9.80176907920269,-23.6247767549895,-0.753982236860574
337,2.80833333333333,23.37,-26.624,44.169,14.893,0.407883446191075,-0.46467646005097,0.770894477313375,0.259931885499515,0.228289066160851,0.255516202491951,0.550825911929373,0.345575191894865,-9.80176907919959,11.3097335529196,-24.6300864041493,-1.41220368732313E-12
338,2.81666666666667,23.261,-26.746,43.906,14.728,0.405981037306401,-0.466805761738403,0.76630426138063,0.257052092233725,0.309970475154185,0.161268422884283,0.75607663196396,0.345575191894877,-10.5557513160638,12.0637157897854,-25.6353960532884,1.00530964914852
339,2.825,23.113,-26.823,43.545,14.563,0.403397950013449,-0.468149665262439,0.760003622780931,0.254172298967934,0.397935069454717,0.060737457969405,0.96970493240803,0.337197611485306,-10.0530964914852,13.3203528512221,-25.1327412287234,1.50796447372318
340,2.83333333333333,22.923,-26.852,43.082,14.402,0.40008182443466,-0.468655810745517,0.751922748344197,0.251362318872223,0.481710873550427,-0.050265482457446,1.17914444264739,0.324631240870946,-9.55044166691532,14.0743350880801,-24.1274315795676,1.75929188601051
341,2.84166666666667,22.693,-26.828,42.519,14.247,0.396067567155073,-0.468236931725039,0.742096544655469,0.248657058531632,0.561297887441387,-0.167551608191446,1.38020637247712,0.309970475154192,-6.7858401317523,15.0796447372326,-22.6194671058485,1.25663706143585
342,2.85,22.425,-26.748,41.86,14.099,0.391390084759728,-0.466840668323443,0.730594824884826,0.24607397123868,0.61784655520599,-0.29321531433505,1.56870193169252,0.299498499642227,-4.52389342117033,15.079644737231,-20.3575203952585,1.50796447372318
343,2.85833333333333,22.13,-26.608,41.111,13.956,0.386241363466345,-0.464397207370651,0.717522308787389,0.243578150408329,0.655545667049076,-0.418879020478641,1.73834793498634,0.286932129027867,-0.502654824573858,15.079644737231,-17.84424627239,1.50796447372277
344,2.86666666666667,21.817,-26.408,40.281,13.819,0.380778482907603,-0.460906548866663,0.703036075995836,0.241187049333096,0.659734457253858,-0.544542726622232,1.88704998725626,0.27436575841351,2.76460153515903,14.8283173249436,-14.8283173249468,1.50796447372318
345,2.875,21.502,-26.148,39.38,13.688,0.375280695763821,-0.456368692811477,0.687310659435367,0.238900668012984,0.636696111127533,-0.668112037663429,2.01061929829748,0.261799387799151,6.78584013175309,14.0743350880833,-11.8123883774989,1.00530964914852
346,2.88333333333333,21.198,-25.829,38.42,13.563,0.369974894837758,-0.450801092497615,0.670555498616221,0.236719006447991,0.580147443362924,-0.785398163397456,2.10905586810997,0.25342180738958,10.3044239037765,13.0690254389331,-7.03716754403721,0.753982236861586
347,2.89166666666667,20.921,-25.454,37.413,13.442,0.365140332809734,-0.444256107802637,0.652980033048638,0.234607158053078,0.494277244164786,-0.894306708721898,2.16769893097695,0.2471386220824,13.0690254389331,12.0637157897846,-3.51858377202265,0.753982236861989
348,2.9,20.685,-25.027,36.378,13.324,0.361021355775027,-0.436803551896621,0.634915875290497,0.232547669535724,0.385368698840344,-0.994837673636769,2.19702046241047,0.240855436775217,16.5876092109518,10.0530964914876,0.753982236861186,0.502654824574261
349,2.90833333333333,20.501,-24.552,35.329,13.209,0.357809949951358,-0.428513237949648,0.616607371437077,0.230540540895931,0.247138622082413,-1.0786134777325,2.1907372771033,0.236666646570431,18.5982285092544,8.5451320177644,2.51327412287334,1.50796447372278
350,2.91666666666667,20.383,-24.037,34.283,13.096,0.355750461434004,-0.419524792301877,0.598351227461216,0.228568318841177,0.092153384505294,-1.14982291121387,2.16979332607935,0.224100275956075,20.8601752198356,6.03185789489192,4.27256600888219,2.26194671058517
351,2.925,20.339,-23.488,33.247,12.989,0.354982516563127,-0.409942934708428,0.580269616410555,0.226700816541543,-0.081681408993335,-1.2000883936713,2.13418860933867,0.205250720034532,21.8654848689832,4.2725660088759,4.77522083346868,4.02123859659557
352,2.93333333333333,20.378,-22.915,32.228,12.891,0.355663194971404,-0.399942198094501,0.562484711332733,0.224990393874589,-0.263893782901528,-1.23569311041193,2.09439510239309,0.171740398396235,22.36813969356,2.51327412287787,5.52920307030436,6.03185789489129
353,2.94166666666667,20.504,-22.325,31.228,12.809,0.357862309828917,-0.389644755507734,0.545031418812789,0.223559223887954,-0.450294947014537,-1.25663706143592,2.04831841014056,0.121474915938806,21.6141574566975,1.50796447372477,6.53451271946575,7.53982236861549
354,2.95,20.719,-21.725,30.25,12.751,0.361614767720705,-0.379172779995768,0.527962098728285,0.222546932921797,-0.63041292582035,-1.26920343205029,1.99386413747834,0.05864306286701,20.3575203952633,0.753982236858788,7.79114978090481,7.79114978090322
355,2.95833333333333,21.02,-21.119,29.298,12.723,0.366868208769208,-0.368596084728682,0.511346564249299,0.222058240731238,-0.80005892911421,-1.27548661735745,1.92893788930413,-0.006283185307183,19.3522107461124,0.502654824576256,9.55044166691212,8.04247719318895
356,2.96666666666667,21.402,-20.51,28.377,12.726,0.373535366511826,-0.357967029584037,0.495272081838431,0.222110600608798,-0.961327351998479,-1.27967540756225,1.8493508754132,-0.073303828583758,17.0902640355296,0.502654824574684,11.8123883774997,7.79114978090362
357,2.975,21.861,-19.899,27.494,12.761,0.38154642777848,-0.347303067854352,0.479860824543321,0.222721465846996,-1.10374621896123,-1.28386419776704,1.7509143056007,-0.138230076757954,15.3309721495167,0,13.3203528512173,6.53451271946657
358,2.98333333333333,22.388,-19.286,26.658,12.827,0.390744312936491,-0.336604199539626,0.465269871996648,0.223873383153313,-1.2315043202072,-1.28386419776704,1.63991136517389,-0.192684349420175,13.5716802635086,0.251327412286529,15.0796447372342,7.03716754404123
359,2.99166666666667,22.976,-18.673,25.875,12.919,0.401006848938217,-0.325905331224901,0.451603943953533,0.225479086065147,-1.34460165573644,-1.28595859286943,1.51424765903028,-0.251327412287185,11.3097335529234,0.251327412287329,15.8336269740906,8.04247719318975
360,3,23.618,-18.059,25.152,13.039,0.412211862736021,-0.315189009617656,0.438985213461614,0.227573481167541,-1.43884943534413,-1.28805298797182,1.38230076757952,-0.318348055563766,9.55044166691372,0.502654824573858,15.5822995618056,7.79114978090282
361,3.00833333333333,24.305,-17.444,24.492,13.191,0.424202274697222,-0.304455234717891,0.427466040398451,0.230226381630572,-1.51843644923508,-1.2922417781766,1.25244827123114,-0.383274303737956,8.29380460547628,-0.25132741228573,15.8336269740954,6.7858401317535
362,3.01666666666667,25.03,-16.827,23.894,13.374,0.436855911774181,-0.293686553233086,0.417028971471525,0.233420334161722,-1.58755148761405,-1.29014738307422,1.12050137978035,-0.439822971502569,7.28849495632776,-1.59872115546023E-12,16.3362817986636,5.52920307031885
363,3.025,25.788,-16.211,23.359,13.584,0.450085507504298,-0.282935325040801,0.407691459973356,0.23708552559091,-1.64828894558344,-1.29014738307421,0.984365698124817,-0.485899663755226,6.03185789489351,-0.251327412286529,15.3309721495199,4.77522083345607
364,3.03333333333333,26.575,-15.595,22.889,13.816,0.463821248717493,-0.272184096848516,0.399488412488982,0.241134689455537,-1.69855442804089,-1.28805298797182,0.856607596878819,-0.525693170700693,5.0265482457442,-0.251327412286529,14.3256625003698,3.26725635973369
365,3.04166666666667,27.386,-14.98,22.48,14.067,0.477975868951167,-0.261450321948751,0.392350015848325,0.245515465878042,-1.74044233008876,-1.28595859286943,0.737227076042404,-0.552920307031807,4.52389342116712,-0.251327412288528,11.8123883774973,1.50796447372357
366,3.05,28.217,-14.366,22.128,14.331,0.49247955503524,-0.250734000341505,0.386206456881305,0.250123135103307,-1.77814144193182,-1.28386419776703,0.638790506229927,-0.56548667764617,4.02123859658569,-0.502654824581665,8.54513201776803,-0.753982236866369
367,3.05833333333333,29.066,-13.753,21.823,14.601,0.507297400384672,-0.24003513202678,0.380883202662722,0.254835524083692,-1.81165176357003,-1.27967540756218,0.567581072748527,-0.55920349233895,3.01592894745777,-0.251327412279535,3.01592894744257,-2.7646015351545
368,3.06666666666667,29.931,-13.142,21.552,14.868,0.522394498414423,-0.229371170297095,0.376153360389818,0.259495553186517,-1.83678450479885,-1.27758101245985,0.542448331519838,-0.536165146212661,2.51327412287011,0.251327412288128,0,-3.76991118430834
369,3.075,30.808,-12.532,21.293,15.124,0.537701035954413,-0.218724661859929,0.371632957627153,0.263963596071622,-1.85772845582276,-1.27967540756225,0.542448331519838,-0.504749219676758,0.753982236862785,1.00530964914814,1.00530964914772,-4.77522083345606
370,3.08333333333333,31.695,-11.921,21.034,15.365,0.553182106419603,-0.208060700130244,0.367112554864487,0.268169839568929,-1.86401164112995,-1.28805298797182,0.534070751110273,-0.464955712731291,-0.502654824576256,1.25663706143584,4.2725660088838,-5.27787565803072
371,3.09166666666667,32.585,-11.306,20.779,15.587,0.568715536762352,-0.197326925230479,0.362661965271902,0.272044470508356,-1.85982285092515,-1.29852496348379,0.498466034369575,-0.420973415581036,-1.7592918860089,1.7592918860105,6.53451271946577,-4.52389342116953
372,3.1,33.473,-10.686,20.541,15.788,0.584214060520062,-0.186505883868114,0.358508081652155,0.275552582304865,-1.84516208520841,-1.31318572920054,0.444011761707361,-0.383274303737956,-2.76460153515824,1.7592918860097,7.28849495632855,-4.52389342116954
373,3.10833333333333,34.354,-10.059,20.329,15.971,0.599590411230132,-0.17556266945811,0.354807983637927,0.278746534836014,-1.82212373908209,-1.32784649491729,0.383274303737956,-0.345575191894877,-4.27256600888379,1.25663706143664,6.53451271946657,-4.77522083345606
374,3.11666666666667,35.224,-9.425,20.146,16.136,0.614774775722483,-0.164497282000466,0.351614031106778,0.281626328101805,-1.7865190223414,-1.33831847042926,0.328820031075735,-0.30578168494941,-5.0265482457434,0.753982236861213,3.51858377202101,-5.02654824574339
375,3.125,36.077,-8.786,19.989,16.282,0.629662434241994,-0.153344628080222,0.348873864181146,0.284174508809717,-1.74463112029353,-1.34460165573644,0.299498499642227,-0.263893782901548,-6.03185789488952,-0.753982236861213,-2.5132741228717,-5.27787565803152
376,3.13333333333333,36.91,-8.144,19.846,16.408,0.644201026911107,-0.142139614282418,0.346378043350795,0.28637362366723,-1.69436563783612,-1.33831847042926,0.320442450666157,-0.219911485751286,-6.7858401317587,-2.26194671058516,-8.79645943005253,-5.02654824574499
377,3.14166666666667,37.719,-7.505,19.693,16.513,0.658320740559741,-0.130986960362174,0.343707689595243,0.288206219381824,-1.63781697007147,-1.31946891450772,0.393746279249928,-0.178023583703411,-7.03716754403723,-3.01592894744576,-12.8176980266458,-5.78053048260298
378,3.15,38.501,-6.875,19.505,16.598,0.671969215310337,-0.11999138607461,0.340426470601494,0.289689749246019,-1.57917390720449,-1.294336173279,0.500560429471976,-0.129852496348387,-7.28849495633016,-4.27256600888259,-10.3044239037741,-6.7858401317555
379,3.15833333333333,39.255,-6.257,19.266,16.66,0.685128997870374,-0.109205251297285,0.336255133689227,0.290771853382255,-1.51843644923507,-1.25873145653831,0.586430628670094,-0.073303828583758,-6.28318530717924,-5.52920307031766,-3.76991118430834,-8.04247719318895
380,3.16666666666667,39.98,-5.656,18.986,16.695,0.697782634947333,-0.098715822492799,0.331368211783643,0.291382718620453,-1.46607657167524,-1.21265476428567,0.617846555205996,-0.006283185307183,-5.2778756580315,-6.53451271946716,2.01061929829784,-8.29380460547788
381,3.175,40.68,-5.077,18.691,16.698,0.709999939711293,-0.088610366123752,0.32621949049026,0.291435078498013,-1.42209427452498,-1.15820049162344,0.601091394386848,0.062831853071799,,,,
382,3.18333333333333,41.359,-4.524,18.404,16.668,0.721850725332335,-0.078958695360224,0.321210395537036,0.290911479722415,,,,,,,,
